customer_token,tenure_months,monthly_charge_eur,total_charges_eur,num_products,contract_type,payment_method,has_internet_service,has_phone_service,support_tickets_6m,avg_monthly_usage_gb,days_since_last_contact,nps_score,payment_delay_count_12m,age_bucket,gender_encoded,region,churned
2a4b2a53c4e04c71,14,17.63,259.57,1,two_year,auto_debit,False,True,0,46.8,119,5.1,0,65+,0,CH-BE,0
285ea4ca8c35e49e,69,59.05,4120.4,1,monthly,digital_wallet,False,False,2,107.7,172,1.0,3,18-25,1,DE-HE,0
92d22d40618e5f53,33,99.75,3395.11,4,monthly,credit_card,False,True,11,34.8,338,2.3,2,18-25,0,DE-BY,0
305c43f9ac88e981,48,44.19,2159.34,3,annual,invoice,False,True,9,317.5,273,7.3,1,51-65,1,DE-HE,0
e97b3e0b20a99c99,71,38.06,2750.53,1,monthly,auto_debit,False,False,4,33.1,290,8.8,2,26-35,1,AT-W,0
7e6231315e2ab6b2,58,30.0,1777.35,5,annual,digital_wallet,False,False,3,498.7,70,5.1,0,18-25,0,DE-NW,0
d0244b2e899ab6bc,20,98.17,2018.72,4,two_year,digital_wallet,False,True,10,360.4,349,8.8,6,36-50,1,DE-BY,0
ed4a16cea68d7e1f,37,60.65,2332.22,3,two_year,invoice,True,False,10,253.8,101,1.5,6,26-35,0,CH-ZH,0
294eec57b188ae20,41,66.3,2775.52,3,monthly,auto_debit,True,True,1,366.0,35,9.8,4,26-35,0,CH-BE,0
58fe4ef80ba65ab8,60,114.42,6982.79,5,annual,invoice,True,False,6,497.6,332,3.7,4,51-65,0,DE-NW,0
aefe81416a2fabaf,28,21.72,631.05,5,monthly,auto_debit,True,True,3,33.7,16,8.6,0,65+,0,DE-HE,0
8166de5cde53c8ee,62,37.49,2378.2,5,two_year,digital_wallet,True,False,12,203.5,48,1.0,3,36-50,1,AT-W,0
e471fdaf173e9a5f,59,105.7,6358.22,1,monthly,digital_wallet,False,True,3,95.8,274,4.5,3,26-35,1,AT-W,0
7a95d43b030bcb1f,31,106.82,3451.14,5,monthly,auto_debit,True,True,12,424.3,85,4.1,3,26-35,1,DE-BY,0
cf5b8dacc43023aa,21,54.79,1192.52,4,annual,digital_wallet,False,True,3,148.4,29,5.8,4,18-25,1,DE-BY,0
27c92834df097d11,6,76.34,561.31,2,monthly,auto_debit,True,True,9,34.0,120,4.0,4,26-35,0,CH-ZH,0
fe5695a30da60bbd,10,59.02,650.56,3,monthly,credit_card,True,False,6,65.4,330,3.0,2,18-25,0,AT-W,0
445cbc8cafc91178,72,119.59,8695.77,3,monthly,credit_card,True,True,5,142.5,224,8.3,5,36-50,0,CH-BE,0
ad007edf2917d996,70,46.43,3316.91,2,annual,auto_debit,True,True,4,140.9,107,7.2,1,36-50,1,DE-HE,0
513c2e73b6e607e2,6,24.69,167.32,1,annual,invoice,False,True,11,220.9,361,4.3,0,18-25,0,CH-BE,0
5bd4c9e5956de746,19,72.29,1451.76,2,annual,invoice,True,False,5,449.5,20,9.0,1,26-35,0,DE-HE,0
13ddef20378fc798,71,107.83,7776.77,2,monthly,invoice,True,False,0,89.7,170,7.8,3,26-35,1,DE-NW,0
d80291ff8a609246,13,55.17,770.76,2,annual,credit_card,False,True,3,11.8,98,4.0,2,18-25,1,DE-HE,1
3cdd1af24469afca,65,56.97,3762.08,1,monthly,credit_card,True,False,0,54.2,222,3.5,6,36-50,1,CH-ZH,0
df5a7d4e1e07dca3,65,27.14,1782.83,1,two_year,digital_wallet,True,True,5,215.6,340,9.2,4,36-50,0,CH-BE,0
3ca7c76a3216d1e2,38,68.25,2649.89,3,two_year,invoice,True,False,10,470.2,346,7.5,1,65+,1,AT-W,0
2e7329697a5ef49e,70,102.54,7250.62,5,two_year,credit_card,False,False,7,337.8,261,4.7,6,26-35,0,DE-HE,0
11b0f22fe097ebd1,65,84.7,5555.76,2,two_year,credit_card,True,True,2,12.2,125,9.8,4,18-25,1,AT-W,0
124e6a8ca5919757,24,90.43,2251.68,2,two_year,auto_debit,True,False,3,87.9,356,5.2,0,65+,0,DE-BY,0
8a7bd3275b901b34,58,29.0,1711.9,5,two_year,credit_card,False,False,8,223.0,81,7.4,3,51-65,1,DE-NW,0
6ea67b24b77eb9f4,35,95.41,3446.85,3,annual,auto_debit,False,True,4,167.9,276,0.8,1,26-35,1,CH-BE,0
70af6a05166575bf,19,89.17,1775.16,5,annual,digital_wallet,True,True,6,194.7,299,9.5,0,65+,1,AT-W,1
016ff9d51a4486dc,0,113.99,101.45,4,two_year,invoice,False,True,4,217.9,14,3.9,5,51-65,0,AT-W,0
692810cfefcfecae,16,117.98,2053.67,5,two_year,auto_debit,True,False,2,433.4,93,0.5,3,36-50,0,AT-W,0
22d5bb56573939bc,41,50.44,2107.3,4,annual,auto_debit,False,True,11,269.7,179,2.2,0,18-25,0,DE-NW,0
2160957767334b7b,25,103.12,2654.16,4,two_year,auto_debit,True,False,11,128.1,188,1.7,4,18-25,0,DE-HE,0
b30511c26c4cf80e,13,75.76,1066.38,4,annual,invoice,True,True,1,348.6,154,8.5,4,18-25,0,DE-HE,0
a981098a586ce8bd,68,59.98,4138.98,3,monthly,digital_wallet,False,True,6,480.4,325,8.9,3,26-35,1,DE-NW,0
42c4eabba3c0309b,66,116.37,7832.66,5,annual,digital_wallet,False,False,5,425.9,44,2.8,3,26-35,1,CH-ZH,0
7b9f9dd5e6c6017e,48,50.32,2456.87,4,monthly,credit_card,False,False,4,440.2,359,8.8,4,18-25,0,DE-BY,0
8560f29217da0829,30,90.61,2832.3,4,two_year,digital_wallet,False,True,1,147.1,207,6.9,2,65+,1,AT-W,0
074e14ee8997525d,70,70.75,5040.65,3,annual,digital_wallet,False,False,4,115.3,98,3.2,5,65+,0,DE-NW,0
03317b602209d5a0,27,92.55,2599.69,5,two_year,credit_card,True,True,4,113.7,91,3.0,5,65+,0,DE-HE,0
39063b88013afa8a,5,117.3,726.96,2,two_year,digital_wallet,True,True,9,142.2,245,4.4,1,18-25,1,AT-W,0
24035e5fa3060bd4,14,101.32,1476.65,1,monthly,invoice,False,True,3,59.2,213,6.1,6,65+,0,CH-ZH,0
0dc17c506a1ce18f,48,62.3,3075.14,4,annual,auto_debit,True,True,10,105.5,338,0.8,1,26-35,0,DE-NW,0
250219c2401f56a4,0,57.89,56.15,1,monthly,credit_card,False,False,1,343.7,135,7.9,5,65+,0,AT-W,0
2e7254278d3f3118,14,72.18,1112.18,2,monthly,auto_debit,True,False,9,374.5,291,9.2,3,18-25,1,CH-BE,0
f7af4dc3737fd9e4,38,88.47,3450.37,4,annual,auto_debit,True,False,11,161.2,128,0.3,1,65+,0,CH-BE,0
988481da002ff954,34,75.51,2618.32,5,two_year,digital_wallet,False,True,9,217.9,251,9.7,3,36-50,1,DE-HE,0
fb31b871b8a3adab,41,85.36,3570.59,4,annual,digital_wallet,True,False,1,157.3,165,1.2,6,51-65,0,CH-BE,0
bd246b4341e55fef,69,63.51,4446.87,5,annual,digital_wallet,True,True,4,274.6,147,4.4,5,51-65,0,DE-BY,0
1b2ee82dc979a6cc,30,89.53,2731.89,4,monthly,invoice,True,False,1,323.9,78,5.0,5,36-50,1,AT-W,0
b345e0b5da78665d,61,117.93,7317.71,4,monthly,invoice,True,False,12,395.0,212,3.4,6,65+,1,DE-BY,0
8b531b21e41bc3a2,36,91.24,3383.17,4,monthly,digital_wallet,False,False,5,276.0,278,3.8,2,26-35,0,CH-ZH,0
eb70b687f60910b4,49,39.52,1957.96,4,two_year,digital_wallet,False,True,7,482.4,64,5.0,4,36-50,0,AT-W,0
637dbf8360d5194e,12,70.22,928.48,4,two_year,invoice,True,False,12,484.6,173,6.2,3,18-25,1,CH-BE,0
05994ecc6b269fd8,68,54.9,3800.11,4,two_year,auto_debit,True,True,10,342.2,147,10.0,5,18-25,1,DE-BY,0
686c007f83d0eac1,12,61.59,825.52,1,annual,auto_debit,False,False,5,215.3,125,5.3,4,26-35,0,DE-NW,0
8dc5d38069cca211,10,79.0,883.47,4,two_year,invoice,True,False,10,127.0,130,6.7,6,51-65,1,CH-BE,0
6da130da8af1e304,69,31.59,2206.42,5,annual,digital_wallet,False,False,4,99.6,196,8.5,0,26-35,1,CH-ZH,0
f1a71cf26fe20f2b,45,75.36,3451.13,4,annual,auto_debit,True,False,4,387.9,117,6.1,2,26-35,0,CH-ZH,0
407b37d85e83dd32,32,86.17,2857.33,2,two_year,auto_debit,True,False,12,220.4,296,3.6,1,18-25,1,DE-HE,0
3cd287a648484145,53,33.44,1807.08,3,two_year,credit_card,True,False,7,483.7,151,7.5,2,18-25,1,DE-BY,0
28b1bf21489bea06,18,94.19,1806.22,4,two_year,credit_card,True,False,0,132.2,63,4.5,5,36-50,1,CH-BE,1
8595ddc66d3b9017,47,26.38,1253.71,5,annual,invoice,True,False,11,151.1,209,1.2,0,18-25,1,AT-W,0
10f4e4cae95c3915,14,25.21,368.97,4,annual,digital_wallet,True,False,10,49.5,250,6.2,2,18-25,1,DE-NW,0
39b28406376154b3,56,61.69,3507.86,3,two_year,credit_card,True,False,4,94.9,62,9.5,6,51-65,0,CH-BE,0
875c96b52ad634b5,27,82.38,2267.21,3,monthly,invoice,True,True,12,277.1,300,2.2,6,26-35,1,DE-NW,0
cd00dc8810df1048,0,44.11,65.61,5,annual,invoice,True,True,2,7.4,121,5.9,0,26-35,1,DE-BY,0
a9cb620e782da676,16,92.88,1601.78,4,annual,credit_card,True,False,8,110.8,314,0.4,6,65+,1,AT-W,0
25ea9e9c9f1d2ee0,3,21.39,83.46,1,annual,digital_wallet,True,True,5,304.1,33,1.3,4,65+,1,AT-W,0
2709c6d24922d50e,67,45.96,3122.07,1,two_year,invoice,False,False,3,206.9,232,4.0,5,18-25,1,AT-W,0
7cfe910d5ae635ea,40,84.84,3448.97,4,monthly,auto_debit,True,True,6,48.3,190,8.1,4,18-25,1,CH-BE,0
bdce091f2454ef15,15,58.13,955.72,4,two_year,auto_debit,False,False,5,51.8,259,2.1,5,51-65,0,DE-BY,0
eeccf8e98cb3268d,44,103.76,4696.45,5,monthly,digital_wallet,True,False,0,90.2,359,7.6,2,36-50,0,DE-NW,0
47e9e5a660861f66,18,74.46,1388.07,1,monthly,invoice,False,False,7,170.4,189,3.1,2,65+,0,DE-BY,0
e5b1e41da4f5a0ef,19,31.53,636.09,3,annual,digital_wallet,False,False,6,136.6,262,1.1,3,18-25,1,CH-BE,0
fedfe36dcf07da5a,62,70.33,4411.13,5,monthly,auto_debit,True,False,3,383.7,130,2.9,0,18-25,1,CH-BE,0
12f047c9e326e9ad,55,33.45,1880.01,5,two_year,credit_card,True,False,11,21.2,9,4.6,0,36-50,1,CH-ZH,0
8042459bdf2374c9,51,89.5,4619.56,1,annual,invoice,False,False,1,218.4,54,2.4,4,51-65,0,AT-W,0
d7ab65598d82d494,39,93.31,3758.44,1,two_year,auto_debit,True,False,5,363.7,330,8.2,1,18-25,0,DE-HE,0
a278a47b25db6b97,25,33.22,872.33,1,monthly,digital_wallet,False,False,10,462.1,289,6.4,4,36-50,1,DE-NW,0
4e2019446be70d5a,56,22.17,1259.32,3,two_year,auto_debit,False,True,4,230.9,19,0.6,6,36-50,0,CH-BE,0
c7a62b9370af391d,11,79.58,951.99,5,two_year,auto_debit,False,True,5,302.5,256,1.5,0,51-65,0,DE-HE,0
174082e445371ba1,10,67.98,730.63,4,annual,invoice,False,False,4,193.7,173,6.8,0,36-50,0,DE-HE,1
2a4637feda49b45d,12,73.59,938.42,5,monthly,credit_card,True,True,5,155.1,335,7.0,3,26-35,0,DE-HE,0
f403324a35c8b2f5,71,54.55,3944.68,5,monthly,digital_wallet,False,True,5,154.4,109,3.4,6,51-65,0,DE-NW,0
74aea4f110f27179,17,31.27,571.87,5,two_year,auto_debit,False,True,9,188.4,83,1.8,5,65+,0,CH-BE,0
2cc5ecdf62ff6e89,56,19.59,1120.93,4,two_year,credit_card,False,True,8,119.6,240,9.0,1,36-50,1,AT-W,0
bc7c29eefe7123ba,36,96.7,3570.03,2,monthly,invoice,False,True,10,240.3,190,5.5,0,65+,0,DE-HE,0
7ab91c2ae7549b3b,10,95.13,1084.99,2,annual,auto_debit,True,False,5,465.2,212,0.5,4,36-50,0,AT-W,0
411fd7c0b7f9a803,10,54.37,621.49,3,monthly,invoice,True,False,7,348.0,71,7.6,3,51-65,0,DE-BY,1
ac0d58c6f453e585,2,41.87,127.65,5,two_year,digital_wallet,True,False,3,150.6,24,2.4,5,65+,1,DE-BY,0
c2dfeb5991158ea3,14,102.85,1546.46,5,two_year,invoice,True,False,6,0.8,180,2.4,3,26-35,0,CH-ZH,0
4d6eb45fd05d56fd,46,22.11,1039.33,5,two_year,auto_debit,False,False,0,317.8,191,2.5,0,36-50,0,DE-HE,0
448e54f978934d2e,30,91.96,2875.73,3,monthly,auto_debit,False,False,10,87.5,350,4.6,5,51-65,0,DE-NW,0
9e04230ae86651f3,8,90.18,769.87,2,monthly,invoice,True,False,4,257.7,278,4.7,0,26-35,1,DE-HE,0
fd0a807ca0df70a8,6,105.91,701.6,3,annual,digital_wallet,False,False,5,486.9,254,6.9,2,65+,1,DE-BY,0
5ce4a8318d8f92e9,54,23.29,1288.46,5,annual,credit_card,True,True,5,330.5,156,4.5,5,51-65,0,CH-BE,0
cfd4f236ea9babb7,56,51.91,2978.08,3,two_year,digital_wallet,False,True,1,335.6,207,3.6,6,26-35,0,DE-NW,0
be651712971ebd6b,56,18.65,1068.24,3,annual,digital_wallet,True,True,10,225.0,189,3.7,6,18-25,0,CH-ZH,0
09151ed2d74d2e19,46,56.79,2654.91,1,monthly,invoice,False,False,8,58.9,133,7.0,1,65+,1,CH-BE,0
f6ccf81852a818b6,62,36.02,2253.92,2,two_year,digital_wallet,True,False,10,173.7,33,5.5,2,36-50,0,CH-BE,0
0a5211e92314f9b4,22,98.34,2224.58,2,monthly,invoice,False,True,5,277.0,188,4.7,4,26-35,0,DE-BY,0
84ccf3119a3a106d,39,56.81,2271.19,4,annual,auto_debit,True,False,10,37.1,238,6.8,2,26-35,0,DE-NW,0
bbfdcbef0e34347b,55,67.8,3819.27,5,monthly,credit_card,True,True,5,467.4,115,3.5,4,36-50,0,DE-HE,0
466084ce02acd76c,25,81.68,2093.06,3,two_year,auto_debit,True,True,2,329.4,309,3.4,4,18-25,0,DE-BY,0
40c70ea52c9c36e1,5,114.6,660.63,2,two_year,digital_wallet,True,False,10,272.8,328,9.6,3,26-35,1,DE-HE,0
21074e734f33a890,58,22.66,1335.57,4,annual,invoice,False,True,5,430.7,163,7.3,6,36-50,1,DE-NW,0
310b642934f57b26,47,69.07,3297.52,1,annual,digital_wallet,True,True,1,25.3,196,8.6,3,26-35,0,DE-HE,0
2bc450148c28b47a,40,34.93,1449.45,4,annual,credit_card,False,True,1,472.6,258,4.6,1,26-35,1,DE-BY,0
6c14a166a64d8b13,6,44.54,327.05,4,annual,auto_debit,True,False,2,441.2,187,7.6,2,18-25,1,DE-BY,0
101cbc670c03679a,72,73.99,5385.63,4,two_year,digital_wallet,False,True,2,487.5,201,3.7,2,65+,1,DE-NW,0
9b48ca8ae3307299,25,78.26,1998.78,1,monthly,credit_card,False,False,2,303.1,263,1.4,4,36-50,0,AT-W,0
61b8edd0c82a20ae,38,77.34,3017.01,4,two_year,credit_card,False,True,5,165.6,56,9.8,4,36-50,0,CH-ZH,0
be15ab4e1a02bf8f,60,42.88,2635.92,5,two_year,invoice,True,False,2,262.1,317,7.7,3,26-35,0,DE-BY,0
7d5e2b48e263f4d1,14,35.03,522.6,4,two_year,invoice,False,False,11,363.7,361,1.4,1,65+,1,CH-BE,0
4bff6814ca7d7561,61,70.18,4328.22,5,annual,credit_card,False,False,3,478.7,142,5.6,1,36-50,1,CH-BE,0
b1f6aff0c1a0b989,26,87.48,2360.19,5,two_year,credit_card,False,True,9,338.3,194,9.0,3,36-50,0,DE-HE,0
4407a0b264a06487,5,45.2,264.26,4,two_year,credit_card,False,True,3,414.0,138,9.3,5,36-50,0,DE-BY,0
c0d2834a28f7d955,30,40.46,1255.52,2,monthly,auto_debit,False,False,11,236.2,348,7.7,0,65+,0,AT-W,0
18f69bcd2f9cc9c3,60,65.13,4003.14,3,annual,auto_debit,True,True,8,369.3,19,9.1,1,51-65,0,DE-BY,0
da1ce756a9266d28,50,97.74,5009.08,3,monthly,auto_debit,False,True,5,142.3,328,5.4,3,26-35,1,DE-HE,0
8af0aecac4084a0d,24,99.93,2521.35,3,two_year,invoice,True,False,12,147.5,345,7.6,1,65+,1,AT-W,0
2a2d3abde32ffed3,65,49.43,3242.38,2,annual,credit_card,True,True,4,191.8,228,7.5,2,36-50,0,DE-HE,0
39ca2dc771d824bf,46,87.74,4090.28,3,monthly,digital_wallet,False,True,10,458.1,151,3.7,1,26-35,0,AT-W,0
32dd4f34e06d50d9,19,62.77,1247.47,5,annual,invoice,True,True,8,223.4,360,3.6,4,18-25,0,CH-ZH,0
e9c2978b46367476,64,36.23,2342.8,5,annual,auto_debit,True,False,1,449.4,228,8.1,3,26-35,1,AT-W,0
fae0b351876a2aca,72,21.06,1543.84,1,annual,credit_card,True,True,9,36.5,216,3.4,0,65+,0,DE-BY,0
319fdc2d4e45cd71,60,18.33,1123.06,4,annual,digital_wallet,False,False,6,40.1,338,8.7,1,36-50,0,DE-NW,0
d5574ffb10ab85b5,68,56.27,3909.57,1,monthly,credit_card,False,False,8,189.6,117,2.5,2,26-35,1,DE-NW,0
8e7718b13ed59f5c,14,18.38,277.81,1,monthly,invoice,True,True,9,16.8,306,6.7,6,18-25,0,CH-BE,0
c4be4101ef794440,5,57.24,327.26,1,monthly,credit_card,True,False,9,299.0,344,8.2,1,36-50,0,CH-BE,1
11c1d84fadb1c7c2,66,38.21,2543.29,5,two_year,invoice,False,False,0,486.1,329,6.7,6,65+,1,CH-BE,0
409ac406fa85dadc,53,57.87,3106.69,5,annual,invoice,True,False,11,72.2,237,9.1,4,51-65,1,CH-ZH,0
9714754ba9ca7aa1,67,29.08,1968.81,1,annual,credit_card,True,True,0,134.2,344,6.0,0,18-25,0,CH-ZH,0
63686e65207e190f,71,37.79,2736.26,3,monthly,invoice,True,True,11,499.8,245,9.1,5,65+,0,AT-W,0
bc5b3d83c4f94cac,30,72.97,2253.36,5,two_year,credit_card,False,False,5,256.4,254,4.7,6,51-65,1,DE-NW,0
b08621aaed58ed30,47,47.86,2314.71,2,monthly,credit_card,False,False,2,98.1,117,3.8,6,26-35,1,CH-ZH,0
7edd7493d09fd63a,43,42.02,1868.48,4,annual,invoice,False,True,2,360.2,250,1.8,4,18-25,0,DE-BY,0
6208e28482f81294,6,95.26,699.45,2,monthly,invoice,True,True,8,228.0,30,6.2,5,65+,1,CH-BE,0
70e5fb5880e41b74,62,16.65,1047.47,1,two_year,credit_card,False,True,8,406.6,345,4.3,1,18-25,0,CH-ZH,0
1513d2d5ae9abd60,19,40.3,796.02,3,annual,digital_wallet,True,False,6,229.5,124,9.9,1,36-50,0,CH-BE,0
d08a5d4a9330860a,4,24.82,125.41,1,two_year,auto_debit,True,True,7,422.7,330,7.8,4,18-25,0,DE-NW,0
ca65d51e944b52ee,27,109.63,3076.96,3,monthly,auto_debit,False,True,2,464.4,161,0.2,1,65+,0,CH-BE,0
7dca056d1b851684,50,112.53,5746.23,5,annual,credit_card,False,True,12,494.2,40,5.0,2,18-25,0,AT-W,0
d8a42796049f954e,29,103.06,3119.52,5,annual,credit_card,True,False,12,496.3,251,2.3,4,51-65,1,DE-NW,0
ef33a9a3135f3db9,48,24.0,1183.15,1,monthly,credit_card,True,False,11,391.9,78,7.4,2,36-50,0,DE-BY,0
61fd0f5864ecb010,0,114.01,143.81,1,monthly,auto_debit,True,False,7,278.5,262,4.1,0,18-25,1,CH-ZH,0
d79c204a6da3f355,11,77.68,960.41,1,annual,digital_wallet,False,True,11,450.6,124,5.7,1,51-65,0,DE-NW,0
90d800f496e91751,34,46.62,1611.34,4,annual,digital_wallet,False,False,12,38.5,128,9.4,5,51-65,0,AT-W,0
5eb10f0cd7a891d2,13,29.23,406.17,5,annual,credit_card,False,False,6,407.7,333,9.7,1,36-50,1,CH-ZH,1
caa3f70770df65c2,25,65.3,1691.16,3,annual,digital_wallet,True,False,6,140.2,201,3.7,4,26-35,0,CH-BE,0
959c15d7aeddff50,70,17.83,1273.83,2,annual,credit_card,True,False,10,249.7,324,3.0,2,26-35,1,AT-W,0
60ec1ac35556f58d,9,62.15,626.61,5,two_year,digital_wallet,True,False,11,447.8,274,5.9,0,18-25,0,CH-BE,0
06a4d89404253d9e,45,32.47,1495.67,4,annual,digital_wallet,True,True,1,129.4,261,7.5,4,65+,0,AT-W,0
ec8204acdd2ac64a,47,56.07,2696.33,5,monthly,credit_card,True,False,1,147.7,43,1.2,5,26-35,1,DE-HE,0
d370bf88bb1fed68,43,62.81,2762.57,4,monthly,digital_wallet,False,False,1,150.1,363,1.2,6,36-50,0,CH-BE,0
7a7c8d4f2020eaf9,21,112.64,2479.88,5,monthly,credit_card,False,False,3,398.9,322,1.8,5,51-65,1,DE-BY,0
32be5eb671304318,25,62.21,1586.63,2,monthly,credit_card,True,True,12,436.0,95,3.7,1,51-65,0,DE-HE,0
52ad3664a4d05665,62,70.41,4442.66,5,annual,auto_debit,False,False,7,308.7,344,7.1,2,65+,0,CH-BE,0
c281620ecc16e8ea,17,47.88,843.5,3,two_year,invoice,False,False,9,68.9,196,4.2,3,65+,0,CH-ZH,1
c50eda8600c290eb,21,66.41,1448.71,4,two_year,auto_debit,False,True,7,68.3,196,9.6,4,51-65,1,CH-BE,1
af7c0a451d8bd57f,62,58.64,3693.66,1,two_year,auto_debit,True,False,0,137.4,275,2.9,6,51-65,1,CH-ZH,0
2f018d859cd898b5,65,26.89,1782.14,3,two_year,auto_debit,False,True,6,51.2,334,7.5,2,18-25,1,DE-HE,0
cfc633a0e42f4c7d,44,105.53,4787.4,1,monthly,invoice,False,False,2,308.1,105,8.1,6,18-25,1,CH-ZH,0
e1bcdb4be6b1fdd8,35,77.67,2833.32,3,annual,credit_card,True,True,12,392.8,30,9.9,6,26-35,0,DE-NW,0
cb3a7a12ac0f2654,18,89.7,1727.75,4,annual,invoice,False,False,6,226.0,324,7.9,6,18-25,1,CH-ZH,0
00df7022ce2e0386,35,87.94,3161.86,4,annual,auto_debit,True,False,10,332.1,183,8.5,6,65+,1,DE-NW,0
b0b6dd3d1297e56c,54,101.61,5570.55,3,annual,invoice,False,False,10,381.1,23,1.0,6,51-65,0,DE-BY,0
350d9ea9aab807a6,20,61.34,1316.24,2,two_year,invoice,False,True,4,46.7,184,2.5,2,26-35,0,AT-W,1
cc57238a136e920c,39,91.23,3642.74,1,two_year,auto_debit,True,True,7,39.0,303,2.3,5,51-65,0,DE-BY,0
567c594223514ff3,43,100.8,4427.37,2,annual,auto_debit,True,False,1,365.4,52,1.0,2,36-50,0,AT-W,0
c57e3d97aeb40ec3,17,82.37,1447.11,5,monthly,invoice,False,False,11,106.5,77,9.2,4,51-65,0,DE-BY,0
7606fac68580d2c7,12,29.7,392.93,3,annual,credit_card,True,True,4,322.3,127,5.5,4,65+,1,CH-BE,1
267e625565404acc,3,104.03,395.49,5,two_year,invoice,False,False,10,27.3,122,4.9,0,26-35,1,CH-BE,0
14be3a476b56c6b3,9,70.47,739.01,3,monthly,digital_wallet,False,False,8,341.5,241,9.5,6,18-25,0,CH-ZH,0
4d6951c1297e4c67,8,16.45,155.0,4,two_year,credit_card,False,False,11,201.1,327,5.4,4,26-35,1,DE-BY,1
49768037c84f8008,39,23.3,943.05,2,two_year,credit_card,False,True,4,349.3,122,0.6,0,51-65,0,AT-W,0
a98b26f89fb60041,7,47.48,391.27,1,monthly,invoice,True,True,7,476.5,267,5.2,6,36-50,0,DE-HE,0
a2fbd00f815aca53,16,93.73,1615.24,1,monthly,credit_card,False,False,8,31.9,364,9.8,5,18-25,1,AT-W,0
4e0d9e14e02c2a34,65,52.81,3488.99,3,monthly,credit_card,True,True,3,370.4,1,0.4,6,18-25,0,DE-BY,0
c848f2790122e6c2,60,53.22,3229.33,1,two_year,digital_wallet,True,False,3,208.1,163,2.7,0,65+,1,DE-BY,0
1933c19b3ca490f6,64,85.7,5546.78,5,monthly,digital_wallet,True,False,4,386.8,159,3.3,4,51-65,0,DE-HE,0
387997a756b60d48,25,45.62,1197.05,2,annual,credit_card,False,True,11,450.2,125,1.5,3,18-25,0,CH-ZH,0
6f22cea9eb529737,44,81.77,3639.55,3,monthly,digital_wallet,False,True,3,264.9,121,4.2,0,26-35,1,DE-BY,0
1ef74de24738db7d,5,111.73,672.59,3,annual,auto_debit,True,True,10,410.0,38,5.9,0,51-65,0,DE-NW,0
b5a871cf7cc52ccd,37,42.4,1623.95,3,annual,digital_wallet,False,True,1,471.8,69,7.8,4,18-25,0,DE-BY,0
0c98212079c46664,21,62.2,1344.81,3,monthly,digital_wallet,False,False,4,426.2,46,1.6,5,36-50,0,DE-NW,0
33027c5d86ee9f67,41,30.57,1298.26,4,two_year,auto_debit,False,False,2,15.5,207,8.5,4,65+,0,DE-BY,0
e56433ed5346f95f,59,25.7,1532.27,1,monthly,invoice,True,False,5,343.1,330,0.8,4,36-50,0,DE-BY,0
5d596698634b376f,8,35.76,332.9,1,annual,auto_debit,True,False,0,84.0,293,4.3,5,51-65,1,DE-BY,0
15dd59d98f96fd43,48,86.74,4225.51,2,annual,credit_card,False,True,0,307.1,315,2.5,2,51-65,1,CH-ZH,0
f3949495d1d258f1,61,21.4,1319.04,2,two_year,invoice,True,False,12,356.7,245,5.4,3,36-50,1,AT-W,0
53900e3fadc042d3,34,33.88,1176.28,3,monthly,digital_wallet,False,True,2,50.1,336,2.4,4,18-25,0,CH-ZH,0
0fe90c42e16ec1ac,49,52.25,2630.54,2,monthly,credit_card,False,True,11,350.3,290,5.6,4,26-35,1,CH-ZH,0
023873d9a8327222,39,33.43,1322.36,5,monthly,auto_debit,False,True,5,458.9,103,8.1,2,26-35,1,DE-BY,0
106b400678c3f34d,2,30.51,80.6,1,two_year,credit_card,True,False,11,471.0,202,5.9,2,36-50,1,DE-NW,0
651c548260d1130f,20,91.9,1942.7,4,two_year,credit_card,True,False,3,332.8,89,3.8,5,36-50,0,DE-NW,0
169437022249b28e,0,114.62,102.2,5,monthly,invoice,False,True,10,282.8,254,1.4,5,18-25,0,DE-HE,0
6776e8e7006dfcf2,40,32.63,1324.41,3,annual,auto_debit,False,True,3,346.6,179,2.6,0,18-25,0,AT-W,0
149396c4c5912808,56,91.92,5274.79,4,annual,credit_card,False,True,7,394.4,295,6.5,5,26-35,0,AT-W,0
42aa2d0489c6df45,9,98.92,941.73,3,monthly,auto_debit,False,True,6,80.5,38,5.5,0,36-50,1,CH-BE,1
d3654c09e096b5bd,3,60.29,247.63,4,monthly,auto_debit,True,False,3,487.2,209,7.0,5,65+,1,CH-BE,0
05fcfd677ff4a2aa,36,46.23,1705.56,5,annual,invoice,True,False,0,213.8,150,8.2,5,65+,1,DE-NW,0
f29d7ce6de0d8623,12,17.7,226.42,1,annual,auto_debit,False,False,7,244.5,338,2.7,5,65+,1,DE-NW,1
70a47eb6dcfc057c,47,107.98,5177.18,3,annual,digital_wallet,False,True,4,282.1,77,7.5,5,18-25,0,CH-BE,0
ddec1d52a8577332,44,99.86,4519.31,2,two_year,auto_debit,False,False,8,343.5,243,5.7,1,51-65,1,DE-BY,0
478afcd83d763d72,50,109.79,5599.52,5,two_year,invoice,True,False,2,474.5,85,9.7,6,26-35,0,DE-BY,0
4fe67b56bf4bf3dd,54,23.23,1270.73,2,two_year,credit_card,False,True,1,194.0,203,5.5,6,36-50,1,DE-BY,0
8c1114da6e55d308,66,97.08,6470.35,5,two_year,auto_debit,True,True,12,143.0,274,8.8,3,36-50,1,CH-BE,0
ce132dfabb90cfec,62,75.06,4704.18,4,monthly,digital_wallet,True,False,5,345.3,25,7.5,2,36-50,0,DE-HE,0
5d57564f1c1f0033,38,47.65,1875.42,1,monthly,invoice,False,False,12,412.9,137,7.3,4,18-25,0,AT-W,0
1ac68b54f1ccb281,27,110.91,3103.76,5,annual,auto_debit,True,True,4,354.8,206,1.4,6,65+,0,DE-NW,0
35a88194863ed22a,24,106.89,2624.96,1,annual,auto_debit,False,True,4,184.2,237,5.1,5,18-25,0,DE-NW,0
f7c3852fce1b8ff5,47,66.32,3213.9,4,two_year,credit_card,False,True,4,374.5,352,0.9,0,51-65,0,DE-NW,0
2858814fb98eb39b,27,105.0,2958.66,3,two_year,digital_wallet,True,True,7,455.8,331,1.7,6,18-25,0,DE-HE,0
ae956de840bb1be2,39,89.84,3573.42,4,annual,digital_wallet,False,True,7,151.1,266,8.2,3,65+,0,DE-BY,0
4e5f8e83ea0b0ed8,65,119.94,7956.75,5,two_year,credit_card,False,True,7,31.9,141,6.4,6,36-50,1,CH-BE,0
a4f313d7c6e5b805,38,34.78,1347.39,1,two_year,digital_wallet,False,True,11,12.7,254,10.0,2,51-65,1,AT-W,0
2a1e1653e82c76a2,4,76.22,405.19,3,two_year,invoice,False,False,8,150.1,87,8.4,4,26-35,1,DE-BY,0
23edc044f01da22f,60,28.43,1743.0,2,two_year,credit_card,True,True,5,111.7,157,4.2,2,36-50,1,CH-ZH,0
ec7811d610b2961d,37,63.69,2391.79,5,two_year,auto_debit,False,True,8,59.9,348,3.8,2,51-65,0,DE-NW,0
e2e2d702793e5410,17,119.2,2203.67,4,monthly,credit_card,True,True,7,166.3,90,3.1,0,18-25,1,DE-HE,0
8f1c9e592ba3b4de,26,94.93,2588.22,4,monthly,invoice,False,False,6,214.5,244,3.8,0,65+,0,CH-BE,0
778f1472bf7067c2,47,114.76,5537.96,5,monthly,auto_debit,True,True,3,346.8,176,3.1,0,51-65,1,DE-NW,0
c2a56da4cd451785,8,101.5,892.27,5,two_year,credit_card,False,True,5,498.1,250,3.6,1,26-35,1,DE-BY,0
20d0575d08c7416f,29,38.55,1145.37,1,two_year,invoice,True,False,11,325.3,19,3.8,5,36-50,0,CH-ZH,0
24deac2b448e263c,6,84.51,550.98,1,annual,digital_wallet,False,True,8,126.4,359,1.5,5,18-25,1,AT-W,0
398ecad6590ed45f,12,84.56,1108.21,2,annual,auto_debit,True,False,1,392.4,254,2.0,1,36-50,0,DE-HE,1
06f74147682dd6f5,52,46.01,2438.36,2,two_year,digital_wallet,False,True,0,6.4,45,9.1,6,65+,1,DE-NW,0
839cdd252273f04f,11,96.85,1183.85,3,two_year,invoice,False,False,4,232.1,51,8.1,6,18-25,1,DE-HE,1
66240ca8805f0c13,40,59.73,2469.91,1,monthly,invoice,True,False,5,447.3,318,2.7,5,18-25,1,DE-HE,0
73782229d955b453,23,26.95,645.63,4,two_year,digital_wallet,False,True,1,66.3,30,9.8,6,26-35,0,AT-W,0
dfb2d8eaac985697,61,99.24,6121.25,4,annual,auto_debit,True,False,7,56.5,210,4.4,0,36-50,1,DE-BY,0
d504b2be039b67e9,67,95.59,6506.33,3,two_year,auto_debit,False,True,7,172.9,346,6.4,1,65+,0,DE-BY,0
cfa67ed2210f6940,20,68.08,1429.4,2,monthly,digital_wallet,False,True,5,485.1,25,5.1,4,51-65,1,DE-NW,0
8dbd3dcbcede2453,10,63.2,691.92,4,annual,credit_card,True,False,11,326.7,52,4.0,0,65+,0,DE-BY,0
f431ecb7711615b0,38,108.46,4246.71,4,annual,credit_card,True,True,7,166.0,317,6.0,5,36-50,1,DE-BY,0
90aea48fe5e82c00,12,94.73,1216.46,3,two_year,credit_card,True,True,2,246.2,209,1.1,4,26-35,0,DE-BY,1
cbe05534a3641062,50,37.64,1907.99,3,monthly,digital_wallet,True,True,12,445.9,234,6.6,4,26-35,1,DE-BY,0
54e8dabed420478c,67,92.3,6270.2,5,annual,invoice,True,True,1,193.7,307,6.1,2,65+,1,AT-W,0
a1afea0794aed73b,31,43.73,1419.93,4,monthly,invoice,False,False,11,273.9,160,7.1,4,26-35,0,DE-NW,0
6ee604a0b16c2ac5,37,87.09,3277.43,2,two_year,credit_card,True,False,8,240.2,292,9.4,5,51-65,1,AT-W,0
8dc183040a2d2cdd,1,69.89,114.99,1,monthly,credit_card,True,False,10,125.3,31,6.9,2,26-35,0,DE-HE,1
d95707c4e6e87efd,57,25.76,1500.25,2,two_year,digital_wallet,True,False,11,332.2,195,3.9,6,36-50,0,DE-BY,0
88945f8b56dcf41d,32,36.32,1211.65,4,monthly,credit_card,True,True,4,224.4,349,0.7,1,65+,0,AT-W,0
0856888b48e8a7ac,5,59.99,337.75,5,annual,auto_debit,False,False,11,468.7,20,1.5,2,65+,0,CH-BE,0
703456167a7acd17,38,66.51,2584.45,3,two_year,invoice,True,True,12,252.6,212,5.4,3,18-25,1,DE-NW,0
d4178519491ed4e0,27,84.65,2352.73,5,two_year,digital_wallet,True,True,10,173.0,123,9.0,4,65+,0,DE-BY,0
ea41aee0b5febb6b,41,55.04,2290.4,3,two_year,credit_card,True,False,8,401.4,228,4.9,2,26-35,1,CH-ZH,0
d160a2c8cadfb301,10,114.56,1312.43,5,two_year,auto_debit,True,True,10,314.8,109,8.6,3,18-25,0,CH-ZH,1
ffbe9b8483bc47c7,55,82.89,4662.3,2,monthly,digital_wallet,False,True,1,36.6,91,7.9,4,18-25,0,DE-HE,0
f2caa0becd2c7c50,52,55.74,2950.49,1,annual,auto_debit,True,True,12,373.0,23,7.0,0,36-50,0,DE-HE,0
9777b4c1d1a06407,38,78.69,3102.49,4,annual,auto_debit,False,True,8,109.9,200,8.0,6,65+,1,CH-BE,0
58fe68b77b986d50,18,46.3,901.25,3,monthly,invoice,True,True,0,286.4,201,5.4,0,36-50,0,CH-BE,0
c883193555c4b7ec,44,37.23,1688.43,2,monthly,invoice,True,False,3,57.3,343,8.0,6,18-25,1,CH-BE,0
87923f6cb4a43c53,70,22.68,1604.63,2,two_year,digital_wallet,False,False,2,335.6,120,1.0,4,18-25,0,DE-HE,0
de042e0dc8e22bd7,62,62.32,3914.05,5,monthly,credit_card,False,False,2,2.4,126,7.9,5,51-65,1,DE-HE,0
d89bfd5e918e6684,17,86.36,1552.75,4,annual,credit_card,False,True,2,322.8,41,8.4,6,26-35,0,DE-HE,0
d133b4740ead06a0,9,91.38,945.75,1,two_year,digital_wallet,True,True,8,130.3,276,4.7,6,26-35,1,AT-W,0
38d200e0e0f438ff,28,108.6,3188.19,2,annual,auto_debit,False,False,8,5.3,122,8.5,6,65+,0,CH-ZH,0
3d4dab7a8ecbf677,17,61.85,1141.05,2,two_year,digital_wallet,False,True,3,380.7,118,0.6,2,26-35,0,CH-BE,1
3fc342302a9bcaff,26,69.38,1865.5,4,monthly,auto_debit,False,True,11,484.2,324,8.3,6,36-50,0,AT-W,0
fd3a42681c37c3be,48,53.36,2632.54,5,annual,digital_wallet,True,False,5,408.6,176,4.9,3,65+,0,CH-ZH,0
ff107396f163c985,17,61.19,1102.31,3,monthly,invoice,True,True,5,301.0,60,6.6,3,36-50,0,AT-W,1
bd9181189c0df7c0,61,65.3,4058.22,4,monthly,invoice,True,True,9,296.2,68,6.3,0,65+,0,DE-BY,0
6463222113544c6b,21,42.12,945.94,5,two_year,auto_debit,False,True,3,224.6,241,8.7,1,26-35,1,CH-ZH,1
328e8885eb7190eb,18,98.43,1838.86,5,annual,invoice,False,False,9,295.3,117,3.8,1,18-25,0,DE-NW,0
141beb494b8b7b27,66,105.26,7043.98,2,two_year,auto_debit,True,False,9,299.9,272,5.0,0,18-25,1,CH-BE,0
8183e42e6ef09235,16,109.71,1810.35,4,two_year,digital_wallet,False,True,11,264.9,117,9.4,3,51-65,1,CH-ZH,0
20f1826aa7875d0d,12,59.68,791.71,1,annual,digital_wallet,False,True,0,354.6,3,5.8,0,65+,0,AT-W,1
a3bb335e7dd28a54,26,87.22,2342.93,2,annual,credit_card,False,False,9,182.8,141,9.9,3,26-35,1,CH-ZH,0
1b944f8ec429e26f,71,65.66,4731.13,3,annual,credit_card,False,True,10,59.5,117,4.5,5,26-35,0,DE-NW,0
dfa892259253e955,65,57.06,3768.85,1,monthly,digital_wallet,True,True,2,235.8,307,4.4,0,36-50,0,DE-HE,0
7a2ac69a18fca7d4,10,78.95,902.45,4,two_year,credit_card,True,True,10,247.2,5,2.0,5,65+,1,DE-NW,0
cb145f30d0513f9d,4,97.32,505.91,5,monthly,auto_debit,False,True,10,0.1,80,0.9,2,51-65,1,CH-BE,0
89f7acc482b0f4c5,50,57.57,2908.17,1,monthly,credit_card,False,False,4,113.1,99,4.5,3,65+,0,DE-HE,0
148f5e94748afbcf,22,57.75,1303.56,3,annual,auto_debit,False,False,11,221.4,193,5.6,6,26-35,1,AT-W,1
701e668375016da9,58,109.14,6437.29,3,monthly,digital_wallet,True,True,12,157.9,180,5.2,0,36-50,0,DE-HE,0
59e97c496d5f4822,11,56.89,673.69,5,monthly,digital_wallet,False,False,3,447.2,137,1.8,5,26-35,1,CH-BE,0
3bb87dfe7d08315a,25,39.66,1021.86,2,monthly,invoice,False,True,12,53.3,40,6.8,5,51-65,0,CH-ZH,0
79ae08fe23fd6203,5,104.04,605.04,5,annual,digital_wallet,True,False,6,111.0,295,1.3,4,51-65,1,CH-ZH,0
6edd14d4d87db171,4,67.76,351.43,2,annual,auto_debit,False,False,11,4.2,345,2.1,4,18-25,1,DE-HE,0
d386115847af95a5,33,34.65,1170.11,5,annual,credit_card,True,False,6,105.3,358,7.5,2,51-65,1,AT-W,0
d6b0aeb2a47ebd4f,23,75.0,1813.95,1,two_year,credit_card,True,False,6,98.0,76,4.7,0,26-35,1,AT-W,0
e92882f97b592e42,17,119.53,2153.57,3,annual,credit_card,False,True,6,49.5,83,0.6,6,36-50,1,CH-BE,0
7b34c685f3fbc9e0,12,62.23,800.34,5,two_year,credit_card,False,True,6,60.6,347,9.6,1,65+,0,DE-HE,0
7ec26dd45a2ecad7,45,49.13,2273.48,4,monthly,digital_wallet,False,False,10,478.3,85,6.4,2,51-65,1,DE-BY,0
d627159aece184f2,10,32.01,346.25,3,two_year,credit_card,False,False,7,390.5,185,7.5,4,51-65,1,DE-NW,1
8d86e1749618f528,23,104.69,2484.78,3,two_year,auto_debit,True,True,6,51.5,32,9.4,3,65+,0,DE-BY,1
38918cd5b3bd7fba,50,70.02,3543.29,5,monthly,auto_debit,False,False,3,123.7,145,4.4,1,26-35,0,DE-BY,0
f1a5c01046388dbf,4,84.67,408.55,4,annual,credit_card,False,True,11,269.6,302,6.0,5,65+,1,CH-ZH,0
1316e2a487ca2390,68,47.51,3280.07,1,annual,credit_card,False,False,4,77.9,5,0.0,6,26-35,1,DE-HE,0
c3d8cf379d11afd5,60,71.19,4342.02,4,annual,auto_debit,False,False,9,115.6,3,5.5,1,51-65,1,AT-W,0
75296ede9828066e,31,32.14,1024.94,4,monthly,credit_card,True,False,10,119.8,313,8.1,5,36-50,1,CH-BE,0
220587bd50b23c82,68,99.92,6929.8,2,monthly,credit_card,True,False,9,226.4,358,6.2,1,36-50,0,DE-NW,0
f566318da79ba3a2,6,116.82,872.92,3,annual,invoice,False,True,3,45.1,7,4.9,2,51-65,1,AT-W,1
3889f99d1d1b1c92,47,63.69,3046.31,2,monthly,credit_card,False,True,8,235.1,98,9.0,2,51-65,0,DE-BY,0
22a8ddf01d9d2df3,31,55.4,1758.79,1,monthly,digital_wallet,True,True,7,194.6,159,9.4,1,18-25,0,DE-HE,0
244f782635e02474,61,82.04,5118.27,2,monthly,invoice,False,False,0,83.7,141,5.8,3,26-35,0,DE-BY,0
8a2b37f719b60f6b,60,87.28,5347.72,2,monthly,digital_wallet,True,False,12,312.6,30,3.6,1,65+,0,DE-NW,0
371ff7cf2e7b362f,62,39.43,2495.47,3,annual,invoice,True,False,5,362.2,128,9.0,3,51-65,1,CH-ZH,0
99e081371b7c90ab,62,34.93,2195.27,4,annual,invoice,True,True,7,147.8,134,5.4,3,18-25,1,CH-BE,0
cfc24bfff76187ec,23,107.71,2570.4,5,monthly,credit_card,True,False,3,262.0,254,7.7,1,65+,1,DE-HE,0
15a29e232365fe42,52,82.29,4363.28,1,monthly,invoice,True,True,3,53.5,98,1.0,4,51-65,1,CH-ZH,0
0a3a13a712776e78,32,20.15,669.34,1,monthly,digital_wallet,True,False,12,319.5,184,5.6,3,36-50,0,CH-ZH,0
3f4efb84eb535b03,34,70.55,2492.85,1,monthly,auto_debit,True,True,8,192.7,98,5.3,1,65+,0,CH-ZH,0
2cee8df3253c6be0,71,58.59,4226.6,3,two_year,digital_wallet,False,True,2,396.2,281,4.0,2,26-35,1,DE-HE,0
8c61369cacedb868,40,72.76,3008.25,4,two_year,digital_wallet,False,True,9,272.8,192,7.7,5,36-50,1,AT-W,0
9743d8af544024c4,57,115.78,6661.36,3,two_year,auto_debit,True,False,0,150.2,113,2.1,2,18-25,1,CH-ZH,0
e745d7e53b03c26b,65,73.41,4819.71,1,annual,credit_card,True,True,4,183.5,298,2.5,2,36-50,0,CH-ZH,0
20afa56bf367ac54,51,74.75,3855.4,3,annual,invoice,False,True,9,321.1,19,7.3,4,51-65,0,DE-BY,0
14c52a5e0e180aa9,42,51.53,2211.49,1,monthly,auto_debit,False,True,4,262.2,163,5.4,1,36-50,0,DE-NW,0
00aa6841d365e160,6,85.73,640.49,5,two_year,auto_debit,True,False,4,393.2,75,1.3,0,51-65,0,CH-ZH,0
d215733731d66368,51,42.57,2210.85,2,monthly,digital_wallet,True,False,6,326.1,100,5.6,5,65+,0,DE-NW,0
4e061814b1e7346e,9,42.96,437.54,5,monthly,auto_debit,False,False,5,174.2,164,3.4,5,18-25,1,DE-NW,0
36d6a41bcef939ab,44,79.7,3581.89,2,annual,auto_debit,True,True,10,186.9,43,1.1,0,26-35,0,DE-HE,0
3ecd8c40e835c185,1,51.04,92.13,4,monthly,credit_card,True,True,3,273.2,132,5.5,4,26-35,0,AT-W,0
3ca015a11b3dab8b,67,19.57,1326.53,5,annual,auto_debit,False,True,1,194.3,138,6.6,5,36-50,0,DE-BY,0
044bd9f45244b936,37,106.08,4002.52,4,two_year,auto_debit,False,False,9,265.8,95,2.0,3,65+,0,DE-BY,0
4762862489547fd2,31,111.84,3577.75,2,monthly,credit_card,False,False,10,151.2,256,2.8,0,36-50,1,DE-BY,0
81d95c143c333ee7,71,114.66,8237.38,4,two_year,invoice,True,False,8,480.3,313,8.7,5,26-35,1,DE-NW,0
ccd42e485671dcd6,19,59.78,1201.9,4,two_year,invoice,True,True,9,270.7,103,8.6,2,65+,0,AT-W,0
9a95dfb5a96b3ab2,18,83.9,1565.41,1,two_year,auto_debit,True,False,2,363.5,163,8.8,3,51-65,1,AT-W,0
525cbd86c4dd39e9,35,30.96,1103.15,1,two_year,credit_card,True,True,3,343.7,183,0.8,6,51-65,0,CH-ZH,0
2105f94aa6b4d33d,60,89.76,5506.97,4,annual,invoice,True,True,3,16.1,7,9.3,3,26-35,0,DE-NW,0
97aef52e361eff46,8,33.59,300.27,5,annual,credit_card,False,True,6,202.4,21,6.1,6,51-65,1,AT-W,0
719634f087c58b78,68,70.15,4860.48,5,monthly,digital_wallet,False,True,3,259.4,202,9.8,0,65+,1,CH-ZH,0
989b641dee963b54,6,34.93,257.94,3,annual,invoice,False,False,9,459.5,353,5.2,1,51-65,1,DE-BY,0
0d0033838b14a9bf,64,26.88,1758.97,5,monthly,digital_wallet,False,False,7,12.5,232,5.9,5,26-35,1,DE-BY,0
e6068bab5d5b8d95,32,49.03,1628.36,2,two_year,auto_debit,True,True,11,224.7,185,0.9,5,51-65,0,AT-W,0
c63370e30c0239c4,70,54.96,3924.82,5,two_year,invoice,True,True,2,384.6,26,4.2,2,51-65,1,CH-BE,0
3b04333b896699f3,23,27.34,648.04,5,annual,auto_debit,False,False,7,271.8,2,6.1,3,26-35,0,CH-ZH,1
009d36e0c5c629be,60,62.64,3827.38,1,monthly,credit_card,True,True,2,74.1,334,3.5,1,18-25,1,DE-HE,0
356a8c1e286f5d7a,11,20.15,235.32,3,two_year,invoice,False,False,0,46.6,153,3.2,3,18-25,1,CH-ZH,0
f7599fffc0d52239,8,45.75,420.65,3,annual,digital_wallet,True,True,9,29.1,292,7.3,5,65+,0,AT-W,1
486b5d75cd1afdcb,36,59.84,2199.7,5,two_year,credit_card,True,False,8,364.6,254,4.9,1,65+,0,CH-BE,0
45f6093c8d51c7cf,37,117.82,4421.08,1,two_year,invoice,False,False,0,166.9,286,8.1,1,18-25,0,CH-BE,0
d5b91e64f71dcc83,36,41.71,1534.94,5,annual,auto_debit,True,False,5,198.0,291,6.2,0,26-35,0,DE-HE,0
165af6b8bc77c4ce,43,111.84,4918.11,1,two_year,invoice,False,True,10,230.3,274,9.0,3,51-65,0,CH-ZH,0
40795a3e29c51480,38,74.32,2902.58,1,monthly,credit_card,False,True,2,140.2,15,3.4,3,65+,0,CH-ZH,0
e09a386fb3c4160b,49,34.67,1743.29,3,two_year,credit_card,True,False,6,43.4,121,3.7,6,36-50,0,CH-ZH,0
64bab06fd0cb6187,38,33.38,1286.38,2,monthly,digital_wallet,True,False,8,77.0,174,9.2,5,65+,1,DE-HE,0
9818e0f282db1ff0,18,95.8,1866.4,5,two_year,invoice,True,True,7,193.8,267,1.2,2,18-25,0,DE-HE,1
f87bb15bd53e109e,59,108.36,6530.44,3,monthly,credit_card,True,False,3,96.3,141,5.3,6,51-65,0,DE-HE,0
7efe72eedea1bcc7,19,31.54,645.25,5,two_year,auto_debit,True,False,8,159.2,72,9.4,6,36-50,0,DE-NW,1
de77ec1f76a7aec8,9,47.69,478.84,1,monthly,auto_debit,False,True,1,191.8,44,4.3,1,65+,1,CH-ZH,0
5c80404db6afbf5c,45,47.81,2209.44,5,monthly,digital_wallet,True,True,12,459.8,239,1.0,2,51-65,1,DE-NW,0
e600a61f7d1ab6b4,28,30.09,865.33,3,annual,invoice,False,False,7,243.8,33,4.8,2,51-65,1,DE-NW,0
673514b88fe6c0c7,36,95.63,3502.68,1,annual,auto_debit,False,True,12,151.1,236,4.0,3,26-35,0,CH-ZH,0
27bfaa358cd59a75,20,117.26,2443.78,5,annual,digital_wallet,False,True,2,331.3,39,7.4,5,65+,1,DE-BY,0
95d9b7dd6a49d3a5,59,49.16,2946.91,3,annual,auto_debit,True,False,5,247.1,338,0.6,1,26-35,0,DE-NW,0
66e075ad1e08433b,19,62.56,1258.43,4,monthly,invoice,False,False,9,397.2,347,3.0,3,36-50,0,CH-ZH,0
90378b5f74c6c6ee,1,79.21,185.96,3,monthly,credit_card,True,True,11,280.0,183,1.1,2,18-25,0,AT-W,0
36872988ee4f71b3,50,80.65,4105.57,4,two_year,invoice,True,False,2,94.1,196,8.4,2,51-65,0,DE-HE,0
8ed82341e506bba1,16,29.1,480.61,4,two_year,digital_wallet,True,True,2,321.1,212,8.6,6,65+,1,CH-ZH,1
5a412311b1b38c82,23,62.71,1525.11,4,annual,invoice,True,False,9,3.7,255,8.5,1,65+,1,AT-W,0
5c03a23a3401daf8,69,75.52,5251.5,4,two_year,credit_card,True,False,11,40.0,269,9.8,6,36-50,1,CH-ZH,0
efd0f0ed55635551,10,69.95,751.63,1,two_year,credit_card,True,False,8,389.3,240,4.5,3,65+,1,AT-W,0
eab35ba465ec4495,45,115.86,5305.14,1,two_year,credit_card,False,True,10,236.6,86,5.7,5,36-50,0,DE-HE,0
3dafdba89e78ae73,62,23.66,1498.9,3,annual,invoice,False,False,4,7.1,57,6.0,4,26-35,1,DE-HE,0
2a31bcca5f725981,22,42.43,975.25,5,monthly,credit_card,True,True,9,467.0,78,8.4,6,51-65,1,DE-NW,0
a2ff8127a2edf96f,56,91.23,5207.2,3,monthly,credit_card,True,True,2,232.0,243,3.0,5,65+,0,AT-W,0
2084cdf8c9db19c7,49,64.83,3265.51,1,annual,digital_wallet,False,False,8,341.4,21,1.0,4,36-50,1,CH-ZH,0
7be3f805babdce8a,34,50.17,1735.8,5,annual,digital_wallet,True,True,8,168.7,353,9.9,2,65+,0,CH-BE,0
3e042f9b7a6568c1,1,102.33,163.49,1,two_year,digital_wallet,False,True,11,141.6,98,0.3,4,18-25,0,CH-ZH,1
24876d5b2e6b42f2,27,114.8,3238.29,1,monthly,invoice,False,True,1,347.8,129,2.9,5,18-25,1,DE-HE,0
9a6c0061bbe97014,54,87.68,4846.08,3,monthly,auto_debit,False,True,6,194.3,30,2.6,6,36-50,0,AT-W,0
c8548340e292f8ae,8,66.63,607.02,2,two_year,digital_wallet,True,True,8,384.4,111,6.1,0,51-65,1,DE-BY,0
e99c22c2b6429fca,4,22.66,107.65,4,monthly,digital_wallet,True,True,0,332.3,136,1.5,2,51-65,0,CH-ZH,0
783822a5b1d89d21,62,65.2,4122.45,1,two_year,invoice,True,False,11,409.0,246,1.2,4,36-50,1,CH-BE,0
6a623adabb546f28,38,57.06,2251.52,1,annual,credit_card,True,False,12,383.3,331,2.0,4,18-25,1,CH-BE,0
494d524e72dd81a6,24,46.38,1141.26,3,annual,auto_debit,False,True,2,17.8,12,7.2,4,26-35,1,AT-W,0
e48b15d72c48a94b,8,98.24,884.13,4,monthly,auto_debit,False,True,5,393.9,21,4.1,1,65+,1,CH-BE,0
37e788b6d70dee97,68,30.64,2127.18,1,two_year,invoice,False,True,7,453.6,316,0.5,5,26-35,0,DE-NW,0
fec6726221782e14,6,109.99,725.64,5,monthly,auto_debit,True,True,7,297.5,315,2.2,6,26-35,1,DE-HE,0
d1bcbf944b97b4cc,51,49.04,2553.81,2,annual,invoice,True,True,5,31.6,140,1.4,3,26-35,1,CH-ZH,0
686850852cf61235,21,61.06,1315.28,1,two_year,digital_wallet,True,True,7,40.4,3,1.8,0,65+,1,AT-W,0
ccebc0d1a8068733,60,87.7,5361.96,5,annual,digital_wallet,True,True,9,345.8,305,1.8,3,65+,0,CH-BE,0
0a46b465bfb2b2b8,38,51.52,1995.66,1,two_year,auto_debit,False,True,7,385.2,337,2.1,0,26-35,0,DE-NW,0
a2fd300705d48a59,60,67.24,4130.06,1,two_year,credit_card,False,True,6,125.7,315,8.1,6,51-65,0,DE-BY,0
a1e470ef13acbf82,6,112.11,816.78,4,two_year,auto_debit,True,True,11,222.4,296,3.3,1,36-50,0,DE-BY,1
4a64fe624ae06538,41,38.92,1631.24,2,annual,invoice,True,False,9,242.2,223,1.4,4,51-65,0,AT-W,0
8764514397de911c,47,29.32,1411.23,3,monthly,credit_card,True,True,11,284.3,143,1.4,6,51-65,1,AT-W,0
6278347022e40fe1,21,94.84,2067.05,2,two_year,invoice,True,True,6,428.5,250,8.6,1,65+,1,AT-W,1
a4fac714a2933aff,35,16.52,600.88,2,annual,digital_wallet,True,True,9,449.1,213,9.8,0,51-65,0,AT-W,0
1a2082882718940b,67,56.4,3846.29,1,annual,digital_wallet,True,True,8,376.5,354,7.3,1,26-35,1,DE-HE,0
de4ae09d9f2d9531,30,83.0,2571.32,3,monthly,digital_wallet,True,False,7,385.9,360,4.1,6,36-50,1,CH-BE,0
fcfa4a64ddbcd24d,0,105.34,146.78,3,two_year,auto_debit,False,False,12,134.9,313,5.4,6,26-35,0,CH-ZH,1
7ad3942bb15ffcaf,42,92.25,4007.83,3,monthly,auto_debit,False,False,7,309.6,187,3.7,5,65+,0,CH-ZH,0
09ab9c9076ff0dc4,26,29.53,798.48,4,two_year,invoice,True,False,5,449.0,257,6.8,2,18-25,0,DE-HE,0
ce52540e7c6e8d1c,44,62.5,2833.1,4,two_year,credit_card,False,False,12,336.7,354,8.1,0,26-35,1,DE-BY,0
a38f7ac494b6d0a0,10,56.02,641.89,1,monthly,invoice,False,True,11,74.0,77,8.7,4,18-25,1,AT-W,1
3b9b7927f45a9da6,69,112.83,7889.09,1,annual,invoice,True,True,12,116.2,266,6.4,3,65+,1,CH-BE,0
97353626cda41f54,41,66.05,2776.09,5,annual,digital_wallet,False,True,12,153.2,133,2.3,2,36-50,0,DE-NW,0
6565a0a0eb2a64d5,45,44.86,2068.88,2,two_year,credit_card,True,True,11,346.4,341,7.9,1,26-35,0,DE-BY,0
d11d9804ea41b9cb,40,75.33,3078.71,2,two_year,auto_debit,False,False,2,186.5,276,9.8,4,36-50,0,DE-BY,0
cc3e28643aee16ef,51,112.76,5914.01,3,monthly,auto_debit,False,False,7,448.0,293,6.7,6,65+,1,DE-HE,0
a6b9c1ef773a06bd,14,91.82,1344.19,5,monthly,credit_card,True,False,9,420.4,228,3.6,2,18-25,0,CH-ZH,0
121110decabf1965,67,38.33,2597.93,1,monthly,digital_wallet,True,False,3,245.2,308,6.1,0,36-50,1,DE-NW,0
69ab54f2b5e0c129,54,53.81,2947.96,3,annual,digital_wallet,True,True,11,443.9,212,8.0,2,26-35,1,CH-BE,0
465c21f02308e1c6,53,29.65,1588.83,2,annual,digital_wallet,False,True,9,378.1,45,0.1,5,36-50,1,DE-NW,0
a790d620cc18f41a,71,63.52,4599.79,2,monthly,digital_wallet,False,False,0,411.4,154,8.3,2,51-65,1,DE-NW,0
470265a8c14c52e0,3,98.08,372.72,4,monthly,credit_card,False,True,7,453.4,330,2.4,0,36-50,1,DE-BY,1
070840efbc93df0d,46,76.01,3600.47,4,two_year,auto_debit,False,True,4,81.4,29,1.5,3,26-35,1,DE-NW,0
a83327220e8416d4,6,43.63,323.39,3,monthly,credit_card,False,True,8,96.9,321,1.8,0,65+,0,CH-ZH,0
399d361b0b750759,41,106.61,4497.34,3,annual,credit_card,True,False,2,6.4,265,2.8,6,51-65,1,DE-HE,0
02cf0c5ce4fdbcb7,20,25.75,533.57,2,two_year,auto_debit,False,False,1,58.3,67,9.2,3,36-50,1,CH-BE,1
d4a0f77033696654,46,29.6,1405.63,5,annual,invoice,False,True,11,407.3,113,1.3,5,26-35,0,DE-HE,0
a4747a10707f24f1,16,37.03,626.73,1,monthly,auto_debit,False,False,0,98.2,16,7.9,4,65+,0,AT-W,0
97d0e5ed91f5a295,15,110.4,1744.5,1,monthly,auto_debit,True,True,2,335.3,14,0.9,6,36-50,1,DE-HE,1
fc66fb484f6ff20a,20,104.79,2212.43,5,two_year,auto_debit,True,True,8,108.5,98,9.6,1,65+,0,CH-BE,0
b7ab6a76332a3704,12,112.04,1495.88,4,annual,invoice,False,True,2,417.4,194,4.2,4,26-35,1,DE-BY,0
224fb9a274e0418f,40,27.98,1136.99,3,two_year,credit_card,True,True,5,246.9,197,2.8,4,36-50,1,DE-NW,0
1095343f2be478c8,70,57.76,4096.8,1,annual,credit_card,True,True,10,245.8,53,4.0,4,18-25,0,DE-NW,0
cf6a24668294f154,50,57.07,2887.84,2,monthly,credit_card,True,False,3,297.5,206,1.2,6,51-65,1,DE-HE,0
7baf6c5fef6c48a2,34,94.41,3346.19,3,annual,digital_wallet,False,False,2,384.0,55,1.2,3,51-65,0,CH-BE,0
fd1289ab928cde5d,17,18.12,332.15,4,two_year,auto_debit,True,False,9,339.6,78,3.0,4,18-25,0,CH-BE,0
79f31847f0a1fb1e,66,95.6,6376.7,4,annual,credit_card,False,True,12,15.8,220,8.8,0,51-65,1,DE-HE,0
76de6665e38fef60,48,61.47,2992.17,3,two_year,invoice,False,False,2,156.2,199,4.9,0,65+,1,CH-BE,0
ccebfc7b59f7809a,70,86.96,6172.07,2,two_year,auto_debit,False,False,7,295.5,193,6.2,2,36-50,1,DE-BY,0
882794bbead75d88,3,77.0,297.71,5,monthly,credit_card,False,True,6,172.6,182,4.1,0,26-35,0,DE-NW,1
6292e6c448e5f12d,39,77.22,3055.25,3,monthly,credit_card,True,True,8,163.1,235,6.6,3,65+,1,DE-HE,0
7e015b7901717851,2,88.08,307.03,4,two_year,digital_wallet,False,True,12,244.2,353,6.8,2,51-65,1,DE-NW,0
c9b87801e32ab2ac,38,53.15,2072.69,1,two_year,invoice,False,False,0,148.7,293,4.0,1,65+,0,CH-BE,0
87665a30c225f102,12,77.15,1008.07,5,annual,digital_wallet,True,False,12,38.3,154,5.0,2,51-65,1,DE-NW,0
713ed89f0f6f4e04,53,57.24,3088.28,5,monthly,auto_debit,True,False,3,330.4,239,2.7,5,65+,1,CH-ZH,0
2547a6de8a3897bd,7,69.84,534.12,2,two_year,credit_card,False,False,5,430.1,32,6.3,6,51-65,1,DE-HE,0
e94a724da12595f8,20,41.93,876.58,1,monthly,invoice,True,True,12,413.6,237,4.9,3,51-65,0,DE-NW,0
7477e882990d2bcf,20,43.63,928.87,3,two_year,invoice,True,False,12,10.0,42,3.1,2,18-25,1,DE-HE,1
e1918468b5de668e,11,56.67,699.46,2,monthly,auto_debit,False,False,1,119.0,62,7.7,2,36-50,1,CH-BE,0
796eb45bf61bbdbb,30,113.23,3465.61,2,annual,digital_wallet,False,False,9,28.0,273,3.7,0,36-50,1,AT-W,0
3d9d6ee6fa361a6d,31,116.15,3767.55,3,annual,credit_card,False,True,10,483.4,310,0.3,5,18-25,0,DE-HE,0
ed76426daca5391c,70,55.39,3943.8,1,two_year,invoice,False,False,0,454.9,201,9.3,2,36-50,0,DE-NW,0
1383c0e777d7e42a,38,37.09,1461.94,3,two_year,digital_wallet,True,False,1,411.6,251,4.7,3,36-50,1,DE-BY,0
e02dcdb0a4866703,20,88.34,1842.05,5,two_year,credit_card,False,True,12,26.0,328,1.8,3,26-35,0,AT-W,0
bdaa952c935e7ce2,25,80.97,2071.39,2,monthly,invoice,False,False,7,239.2,68,2.6,5,65+,1,DE-HE,0
8223a60e4286692e,25,23.86,617.82,4,two_year,invoice,True,True,8,323.6,320,2.3,0,51-65,0,DE-HE,0
515cff74d51e2c28,21,20.23,447.09,2,monthly,credit_card,True,True,0,359.3,222,7.7,3,51-65,0,DE-NW,0
d588d79aa4e13ad0,26,35.01,955.15,3,two_year,digital_wallet,False,True,6,428.2,307,2.2,6,36-50,0,AT-W,0
c960159cb291b2db,23,57.9,1377.45,3,monthly,digital_wallet,True,False,9,342.1,234,0.9,3,26-35,1,CH-BE,1
76c5701c80ac9f13,50,87.12,4461.28,5,annual,auto_debit,True,True,0,166.4,120,4.7,2,65+,0,DE-BY,0
238a336ea811dc5f,32,67.98,2275.8,3,monthly,auto_debit,True,False,2,251.9,173,8.8,1,18-25,1,CH-BE,0
f9c769c2d2fa5c49,67,60.46,4099.99,2,annual,credit_card,False,False,4,451.4,134,6.1,6,36-50,1,AT-W,0
ca1290690bd7ba4f,21,48.13,1071.55,2,two_year,digital_wallet,True,True,2,27.3,93,0.4,2,26-35,1,AT-W,0
82c0794d896302f7,14,119.5,1737.62,3,two_year,digital_wallet,False,False,1,422.9,75,1.2,0,26-35,1,DE-NW,0
52978548f0059668,21,93.74,2068.21,5,monthly,auto_debit,True,False,1,123.1,255,6.8,2,18-25,1,CH-BE,0
2e6964ef01637f02,15,56.39,927.68,3,monthly,auto_debit,True,False,11,329.8,232,6.3,2,65+,0,DE-HE,0
c8d33b0935001a63,5,83.9,488.71,5,monthly,invoice,True,False,5,399.1,36,5.5,4,51-65,0,AT-W,0
886a3db278c0c1a3,32,33.69,1124.08,1,monthly,invoice,True,False,12,201.2,331,7.5,5,26-35,0,DE-HE,0
afe40b8a8f0f3d84,62,99.12,6286.36,5,monthly,credit_card,True,False,8,99.9,228,8.9,3,36-50,1,DE-BY,0
a93aa7dace01d135,54,100.15,5501.65,4,monthly,auto_debit,False,False,10,112.1,351,7.1,3,65+,0,DE-HE,0
a8e77b8a8ffb5b81,59,60.92,3653.84,2,monthly,credit_card,True,False,4,284.3,282,0.8,0,65+,0,CH-ZH,0
29888b944b65e29f,54,58.37,3223.21,3,annual,credit_card,True,True,1,370.3,236,1.8,1,51-65,0,DE-BY,0
5c10d75c21d92252,53,107.06,5790.58,4,two_year,digital_wallet,False,False,12,93.6,94,0.8,4,36-50,0,AT-W,0
fec3a870a6448608,68,16.88,1156.5,4,annual,digital_wallet,False,False,9,406.6,315,3.6,5,51-65,1,DE-BY,0
73c62aac5c083e57,16,29.19,505.45,2,monthly,invoice,False,True,10,120.9,320,8.6,4,26-35,0,DE-HE,1
67354c40c7454eb7,59,30.56,1821.88,2,two_year,digital_wallet,False,False,0,429.9,299,2.4,2,65+,1,DE-BY,0
692868edafe1ed22,42,15.83,684.06,4,annual,credit_card,True,False,6,243.1,302,7.2,5,51-65,0,CH-BE,0
a2e84703fc42e1ed,7,70.47,550.78,1,annual,digital_wallet,False,True,7,311.3,330,3.5,5,51-65,0,DE-NW,0
7d7df171e0105269,36,91.25,3370.6,5,monthly,credit_card,False,True,4,361.5,199,9.6,6,36-50,1,DE-NW,0
ee2417daade824ea,26,44.66,1213.28,2,monthly,invoice,True,False,1,396.7,252,3.0,1,65+,0,DE-BY,0
19283f997756204e,45,107.5,4908.3,5,monthly,auto_debit,False,False,1,308.8,61,5.6,3,36-50,1,DE-HE,0
f148d5c44b2f2680,5,95.86,613.15,5,two_year,auto_debit,True,False,12,228.6,56,9.7,6,65+,0,CH-ZH,0
1f732e168ad4e2df,5,68.27,383.54,2,annual,invoice,False,False,12,252.9,50,1.5,2,36-50,0,DE-BY,1
204388e1feff3a9b,25,61.11,1605.3,2,annual,credit_card,False,True,1,133.0,212,3.6,5,26-35,0,CH-ZH,0
e00949f19b733cdb,53,97.66,5266.69,4,annual,credit_card,True,False,2,385.1,264,9.4,0,36-50,1,AT-W,0
e2c7515469a1306d,21,60.58,1304.72,2,two_year,auto_debit,False,False,6,442.9,358,5.5,2,36-50,1,DE-BY,0
898b90d5e7d15ebc,35,109.52,3904.04,4,annual,invoice,False,False,12,390.8,207,7.8,2,18-25,0,CH-ZH,0
b6778ac3599a9a75,42,55.95,2427.1,5,two_year,credit_card,True,True,8,275.9,266,3.4,5,26-35,0,DE-BY,0
e3d44afee8442cdd,69,77.21,5425.87,4,two_year,auto_debit,True,False,4,313.5,181,1.2,6,18-25,1,DE-HE,0
4c6e10ec5a72e468,0,62.58,81.69,5,two_year,invoice,False,False,4,333.5,293,6.7,5,51-65,0,DE-BY,0
781a084a4e5ce34e,41,69.23,2926.94,4,monthly,invoice,False,False,1,46.1,217,8.9,3,26-35,1,DE-BY,0
f51d70a6070e06e9,47,86.07,4136.44,4,annual,digital_wallet,False,False,11,465.5,250,7.3,3,26-35,0,CH-ZH,0
5722d73095abd727,16,65.9,1151.14,5,two_year,auto_debit,True,False,7,16.3,80,9.4,2,18-25,1,DE-BY,0
f4e1e3e2c455372c,15,53.81,862.19,1,annual,credit_card,False,False,4,243.0,73,1.4,4,51-65,0,DE-HE,0
65495bd15778eb48,36,37.64,1392.26,1,two_year,credit_card,True,True,6,240.6,158,5.7,2,51-65,1,CH-BE,0
cc721155c46c346a,16,95.0,1611.29,4,two_year,digital_wallet,True,False,1,399.9,340,6.2,3,26-35,1,DE-HE,0
e7bf14a2b33d4f12,69,19.81,1385.57,3,two_year,auto_debit,True,True,9,315.1,362,3.1,5,18-25,0,DE-NW,0
2faecd2ea9af1b38,69,75.57,5295.21,2,annual,auto_debit,True,True,0,137.5,105,2.5,5,65+,1,DE-BY,0
b53861bc6e140d22,68,78.72,5395.86,1,annual,digital_wallet,True,False,0,429.8,162,3.8,0,18-25,0,CH-ZH,0
80bcb8bfbd90af5c,21,44.96,1001.18,2,annual,digital_wallet,True,True,9,480.6,92,0.3,0,36-50,1,DE-BY,1
c8212eddae834ce8,40,29.96,1221.11,1,monthly,invoice,True,True,7,254.3,258,3.9,0,36-50,0,DE-HE,0
f130ec10be50dac5,59,73.08,4350.37,2,monthly,credit_card,True,True,12,277.4,64,3.0,3,51-65,0,CH-BE,0
3d1981c5ee371d67,64,36.36,2358.79,2,monthly,digital_wallet,False,True,0,406.3,317,2.9,1,18-25,0,AT-W,0
9d6b41bf80784c2d,34,77.78,2712.98,3,two_year,invoice,False,True,2,369.6,288,0.7,0,51-65,0,DE-NW,0
f17b1c284520d4e3,71,119.88,8596.7,5,annual,credit_card,False,False,4,123.0,164,3.4,3,65+,1,DE-BY,0
e91b18a6870ac128,17,82.88,1489.89,1,two_year,invoice,False,False,12,196.4,41,7.9,5,18-25,0,CH-BE,1
21dc0452e33bdfe1,56,85.59,4905.4,5,annual,digital_wallet,True,True,1,231.3,98,4.4,1,18-25,1,CH-BE,0
48373bfa03a95bc5,45,35.11,1619.46,2,monthly,digital_wallet,False,True,4,246.4,360,7.1,1,18-25,0,CH-BE,0
c8bd83145603e477,50,26.65,1359.16,2,two_year,invoice,True,True,9,64.1,33,1.3,4,26-35,1,DE-NW,0
567693f9de40afdd,2,119.15,361.37,3,two_year,digital_wallet,True,False,10,336.5,332,0.5,2,51-65,1,DE-HE,0
7d3b0e86e95f0ad8,15,86.42,1370.75,1,two_year,invoice,True,False,6,266.2,161,0.1,1,36-50,0,CH-ZH,0
e0ff36e4a2450b1a,3,118.98,498.47,1,monthly,invoice,True,False,4,31.4,320,1.0,3,51-65,0,CH-ZH,1
62b313b1a9ca029d,42,103.25,4437.02,3,monthly,credit_card,True,True,12,300.0,224,7.6,5,51-65,0,DE-BY,0
2589298c9144818b,7,111.26,933.48,1,monthly,auto_debit,False,True,4,305.4,221,0.7,5,18-25,0,DE-HE,0
4a4756cc2cdaeaa0,48,57.18,2796.74,5,two_year,auto_debit,False,False,7,397.6,317,6.2,2,18-25,1,CH-ZH,0
32693de0c6c167a7,42,76.72,3261.54,1,two_year,invoice,True,False,5,210.5,317,4.4,1,26-35,0,DE-BY,0
f6f77809b5ae8445,16,47.73,833.35,3,annual,invoice,True,False,4,301.7,149,3.7,0,65+,0,DE-BY,0
c4f7fe339ce44579,30,68.25,2140.23,4,annual,invoice,True,True,12,34.2,96,6.7,5,51-65,1,CH-ZH,0
7f6ec6efeb9e17fd,72,116.12,8467.32,2,monthly,digital_wallet,True,False,3,460.0,327,2.2,1,51-65,0,DE-NW,0
c7d3a2c6c0d0016a,61,92.13,5696.54,4,monthly,digital_wallet,True,True,5,4.9,183,0.3,0,26-35,1,AT-W,0
15cf0c8a9792e50a,24,81.29,2020.86,1,monthly,invoice,False,True,3,442.7,89,3.4,4,26-35,0,DE-NW,0
705161d2912988f8,2,33.49,87.11,2,annual,auto_debit,False,True,4,228.1,189,8.1,5,26-35,1,CH-BE,1
5972430fab4f2beb,8,27.44,236.83,2,monthly,digital_wallet,False,False,9,214.8,325,2.4,0,65+,0,CH-ZH,0
0d440c2adf3f05cc,37,97.91,3676.84,3,monthly,digital_wallet,True,True,12,235.3,339,6.1,1,65+,1,CH-BE,0
6a168ae298a97d31,65,54.3,3566.37,3,two_year,digital_wallet,False,False,4,290.6,326,9.2,4,18-25,0,DE-NW,0
5e69702a05aeb8c9,25,62.47,1606.64,4,annual,invoice,False,False,8,42.4,43,3.0,4,36-50,0,CH-ZH,0
6ad8a65f8b886422,5,63.85,378.38,4,annual,digital_wallet,False,False,5,136.5,12,1.8,1,36-50,0,DE-HE,0
535a3d7407a53ec9,10,45.92,507.26,1,annual,invoice,True,True,1,180.1,279,2.0,1,36-50,1,DE-HE,0
ec2d062aff8a7a9f,35,35.02,1248.04,5,annual,auto_debit,False,False,5,391.6,206,9.5,6,65+,0,AT-W,0
54bbd2fc294c7d06,65,118.87,7888.86,2,monthly,invoice,False,True,8,293.5,282,7.6,5,51-65,1,DE-BY,0
513c87b51b9ca1fc,40,103.81,4302.09,4,monthly,digital_wallet,False,True,5,69.5,65,3.1,5,18-25,1,CH-BE,0
ffeee34bbe241244,45,50.68,2340.69,4,two_year,credit_card,False,True,9,392.7,71,1.5,2,65+,1,AT-W,0
ccde1e88c9dacee8,26,114.61,3081.45,4,monthly,credit_card,False,False,1,85.7,345,5.5,0,65+,1,DE-BY,0
5f45a4b8ebe17768,23,35.89,857.26,2,monthly,credit_card,True,False,0,184.3,5,1.7,6,51-65,1,DE-NW,0
564c3c628e93587c,14,28.56,435.34,4,monthly,invoice,True,False,6,408.9,340,4.7,4,65+,1,CH-ZH,0
61dfb3c3e2866b8c,25,67.76,1746.54,1,monthly,digital_wallet,True,False,9,403.8,269,3.3,4,51-65,1,AT-W,0
7d5ee2993338f28b,5,92.42,589.73,4,annual,credit_card,False,True,6,124.6,316,7.3,3,51-65,0,CH-BE,0
67206c8525e04df6,72,25.03,1815.77,2,annual,credit_card,True,True,7,205.6,283,1.2,2,18-25,0,CH-ZH,0
57e86fffed584acd,41,58.06,2421.53,1,annual,auto_debit,True,False,6,171.8,204,8.6,3,18-25,0,DE-HE,0
97e43872adefea91,14,89.46,1357.13,4,annual,digital_wallet,True,True,8,328.5,365,9.5,1,51-65,1,DE-NW,1
9b07df76ca908edb,21,103.04,2233.62,1,two_year,digital_wallet,True,True,10,381.8,346,2.7,3,36-50,0,DE-NW,0
4d3e5e5ed93e8130,4,108.73,537.35,1,two_year,auto_debit,False,False,7,26.2,2,0.5,3,26-35,0,DE-HE,0
63b8194152c1fb98,30,36.0,1099.01,1,annual,invoice,True,True,1,398.5,340,1.7,1,18-25,1,CH-ZH,0
ceabfd7dba2cdcee,13,100.64,1421.72,5,monthly,digital_wallet,False,True,3,106.9,182,3.2,0,51-65,1,DE-BY,0
593daa123b32248b,49,37.34,1872.9,3,two_year,credit_card,True,True,3,205.5,306,5.0,0,65+,0,DE-HE,0
f33e73bdea47d5d7,12,77.99,1029.18,2,annual,invoice,False,False,1,167.6,311,9.1,3,51-65,0,CH-ZH,0
eaeb32f2bbc92cc0,1,39.42,94.48,3,monthly,digital_wallet,True,True,0,68.8,255,3.0,1,51-65,0,CH-BE,0
72fcea085bcfb91a,4,40.0,219.54,4,two_year,credit_card,True,False,5,321.8,20,5.2,3,36-50,0,DE-NW,0
d68e3965aa606265,42,50.99,2169.83,2,two_year,invoice,False,False,2,221.2,3,0.6,3,18-25,0,DE-BY,0
d741cef7a3234a8d,18,113.52,2119.84,5,monthly,invoice,True,False,11,233.5,84,7.2,1,51-65,0,CH-ZH,1
65a9cbb4b5328719,31,46.83,1520.46,2,annual,digital_wallet,True,False,6,188.9,241,4.4,4,65+,1,DE-NW,0
276e5ae6c75a8b32,61,17.08,1065.01,3,two_year,invoice,True,False,6,231.8,232,2.8,4,65+,1,DE-BY,0
b99db9927fd6de2b,42,29.35,1251.92,2,monthly,auto_debit,False,False,6,462.8,202,9.7,2,51-65,1,DE-HE,0
3f8912e52a75358c,9,57.92,603.62,4,two_year,invoice,True,False,4,385.6,178,5.1,3,36-50,0,CH-BE,1
7e4da7f164626253,49,112.28,5585.07,1,annual,auto_debit,True,False,9,227.7,348,1.5,1,65+,0,DE-BY,0
7ab12b5ccac8b8c8,14,95.95,1479.25,4,two_year,auto_debit,True,False,2,414.9,129,6.9,4,65+,1,CH-ZH,0
a76efe22f6e53977,39,92.06,3721.46,1,monthly,credit_card,True,False,11,104.8,203,7.0,0,26-35,1,DE-BY,0
5a4f09026b5bd8b5,12,22.33,290.85,3,two_year,digital_wallet,True,True,5,93.2,68,2.0,1,65+,0,AT-W,0
65b92ffea23cd778,72,100.51,7292.9,2,monthly,credit_card,False,False,10,456.5,55,8.7,1,18-25,1,DE-BY,0
6734081fc5799be2,48,28.09,1363.2,2,annual,digital_wallet,True,True,0,133.0,3,6.7,6,18-25,0,DE-NW,0
9c7ccf173ddb81cf,66,98.14,6577.35,3,annual,digital_wallet,False,False,5,185.4,175,10.0,6,26-35,1,CH-BE,0
4aa210e4e90e7212,51,54.74,2838.6,3,monthly,auto_debit,False,False,11,417.7,71,0.3,0,65+,1,CH-BE,0
8537b128fe18c4ca,31,53.69,1726.61,4,two_year,digital_wallet,True,True,10,478.8,164,0.2,2,18-25,1,CH-BE,0
5c84c467820b3240,56,39.52,2262.09,1,annual,digital_wallet,False,True,11,192.4,310,2.0,1,65+,0,DE-NW,0
2996ac5bda773a5c,63,98.67,6331.96,5,annual,invoice,False,True,7,331.3,123,2.4,1,18-25,0,AT-W,0
d3e937a4fe997e9c,3,31.82,140.09,3,monthly,credit_card,False,True,10,67.9,273,6.3,3,18-25,1,DE-NW,0
1a7e0a3bed5c2d81,8,82.62,761.55,4,two_year,digital_wallet,True,True,4,57.8,44,1.1,2,65+,0,CH-BE,0
2ef53364280f236e,14,75.15,1113.22,4,two_year,auto_debit,False,True,9,267.8,198,9.8,2,36-50,0,CH-ZH,1
1feaa13096450730,28,26.19,768.74,3,monthly,credit_card,True,False,10,227.9,307,2.8,5,18-25,1,DE-HE,0
ecbd219bc9e40207,64,118.99,7793.47,5,annual,invoice,False,False,11,483.2,30,9.8,2,26-35,0,CH-BE,0
28c2b9d5a3056adf,28,88.54,2600.02,2,annual,digital_wallet,False,True,0,274.0,172,4.2,3,36-50,1,AT-W,0
36ab2c1257ef07e9,9,70.42,718.03,2,two_year,digital_wallet,True,True,5,376.1,297,8.7,0,36-50,1,CH-BE,0
0754188ebb01a7e4,20,75.6,1586.27,2,monthly,invoice,True,True,5,363.0,294,1.0,6,26-35,1,AT-W,0
fd57168b9f5ac39a,21,112.23,2522.27,2,monthly,auto_debit,False,False,2,313.5,206,2.5,0,26-35,1,AT-W,1
7f08e90a594767b7,38,87.24,3415.69,4,two_year,auto_debit,False,False,4,316.2,227,3.7,0,18-25,0,DE-BY,0
216e516e33710669,62,82.35,5165.4,5,two_year,digital_wallet,False,True,12,296.4,196,4.8,5,51-65,1,CH-ZH,0
22727d17208d372b,16,25.44,442.88,5,monthly,digital_wallet,True,False,8,408.7,271,4.9,4,65+,0,DE-NW,1
d55ad22d8e638147,15,33.97,532.65,5,annual,credit_card,True,True,2,287.5,334,1.6,4,36-50,0,DE-BY,0
9d25b2247e76feda,15,68.15,1093.43,4,two_year,auto_debit,True,False,0,473.1,265,9.0,2,65+,1,DE-NW,0
af5787ae6bd8ac75,62,87.99,5586.13,3,two_year,invoice,True,True,3,18.4,72,3.0,6,26-35,0,CH-ZH,0
5054f7ce5a98862d,70,37.68,2661.28,5,annual,auto_debit,False,False,6,324.9,83,4.0,0,36-50,1,CH-BE,0
9e7be26c3c0f3326,18,71.27,1370.71,2,two_year,credit_card,True,False,2,158.2,222,3.8,4,26-35,0,DE-HE,1
4b486e2e8f378290,15,70.8,1126.2,3,two_year,auto_debit,False,False,12,136.6,115,2.7,0,51-65,0,AT-W,0
623628e8186471ea,13,97.19,1363.23,3,two_year,digital_wallet,True,False,11,286.1,144,5.5,4,18-25,0,DE-NW,1
901cca668dced61d,40,114.38,4671.87,5,two_year,digital_wallet,False,True,4,4.7,262,7.1,5,26-35,0,AT-W,0
244a999dbc2e7573,72,92.22,6752.85,3,two_year,invoice,False,False,2,219.5,181,8.0,4,36-50,1,AT-W,0
e1b74aaa16682d8d,66,113.88,7665.72,3,two_year,auto_debit,False,False,12,156.4,46,6.3,0,26-35,0,DE-NW,0
9e0ee76af6f63d14,7,23.88,201.3,1,annual,invoice,False,False,8,342.6,346,8.9,5,18-25,1,DE-BY,0
2cff3b0222aaf6d2,24,110.64,2789.69,5,two_year,credit_card,True,True,9,224.3,86,6.7,6,65+,0,DE-NW,0
09fc2bea655a24f6,9,53.54,527.55,1,annual,digital_wallet,False,True,5,484.9,173,9.1,1,65+,0,DE-HE,1
5426c51613baed1d,38,65.73,2530.75,5,annual,invoice,False,True,7,446.2,249,0.6,0,65+,1,DE-HE,0
db0324d7bf61efbe,38,52.16,2054.59,2,annual,credit_card,True,True,6,246.0,43,5.3,1,51-65,0,AT-W,0
5978de5f61ca21c5,0,31.34,22.76,4,annual,credit_card,False,False,2,268.2,137,1.1,3,51-65,0,DE-NW,0
5e971feb22cb149b,45,93.44,4334.08,2,monthly,invoice,False,True,2,197.3,169,9.0,1,26-35,1,CH-BE,0
1c0835fbe30d5c34,34,27.47,961.33,2,annual,digital_wallet,False,True,1,478.8,10,1.3,2,65+,0,CH-BE,0
cabbbba151261356,30,20.46,632.82,5,two_year,auto_debit,False,False,4,141.1,42,7.6,1,65+,0,CH-BE,0
d9ce79fc0372e327,65,34.62,2271.59,3,two_year,invoice,False,True,7,353.2,52,7.0,4,65+,0,DE-NW,0
8de66ee28c31b238,19,39.09,763.75,2,monthly,digital_wallet,True,True,1,432.2,194,4.1,2,26-35,0,DE-HE,1
1e14b7c74622ac4b,54,65.32,3602.0,3,monthly,credit_card,False,False,5,355.8,126,3.2,0,26-35,0,DE-BY,0
ae7d9d97fe6e5f3d,6,84.35,572.34,3,two_year,auto_debit,False,True,4,474.2,186,3.3,0,18-25,0,CH-BE,0
6e4f134425053dd5,70,95.9,6795.53,3,two_year,credit_card,True,False,3,292.2,44,8.9,1,65+,0,DE-BY,0
9138a33ef327e1ff,24,35.26,867.35,5,two_year,credit_card,False,False,12,101.0,78,0.4,1,51-65,1,CH-ZH,0
8fb1e2b799a1e70e,44,108.97,4927.33,4,monthly,digital_wallet,False,True,2,299.6,356,9.7,2,18-25,0,CH-BE,0
2cf007913545eeb5,24,92.78,2336.64,5,monthly,invoice,False,False,8,389.7,205,6.1,1,26-35,0,DE-NW,0
f9d1e3c71170b16f,27,77.17,2193.84,5,annual,credit_card,False,True,4,354.1,282,1.2,1,18-25,0,DE-HE,0
93e0c9c1ec54aeae,5,82.16,474.7,2,annual,auto_debit,True,True,8,58.1,332,3.5,4,36-50,1,DE-BY,0
ef5f35f62ea79582,70,42.72,3050.14,3,annual,auto_debit,True,False,3,365.2,143,1.8,0,65+,0,CH-BE,0
600d2ea3ba44254f,48,114.29,5614.64,5,two_year,invoice,False,True,5,134.4,297,6.3,6,51-65,0,AT-W,0
299b90f63d80b474,29,91.63,2716.68,4,monthly,digital_wallet,True,False,2,407.8,90,1.9,3,26-35,1,DE-BY,0
66768ab0b72b95b0,39,32.11,1281.0,5,monthly,auto_debit,True,True,6,122.6,330,9.7,0,65+,0,CH-BE,0
8f1e6776beeabb48,1,78.35,119.15,1,two_year,auto_debit,True,True,12,41.8,73,9.4,4,18-25,0,DE-BY,0
c2417da8ecc86cd2,69,92.29,6479.45,2,monthly,digital_wallet,False,True,4,165.9,79,2.4,4,36-50,0,DE-BY,0
6e46faafb066708e,5,25.8,155.1,4,monthly,auto_debit,True,True,3,213.6,75,3.5,2,26-35,1,CH-BE,0
a8167c6a875a70a9,14,66.64,981.24,3,annual,auto_debit,False,True,5,461.7,43,9.0,4,26-35,0,AT-W,0
de22e940fc47bec0,67,50.16,3407.13,3,two_year,credit_card,False,True,4,458.1,338,3.7,2,18-25,0,DE-NW,0
ef86800f494052d6,18,48.63,934.73,4,monthly,auto_debit,False,False,2,45.2,65,1.8,3,36-50,1,AT-W,0
0eee2a184ccd2544,54,65.54,3611.37,3,monthly,invoice,False,False,8,248.6,273,4.9,4,26-35,1,DE-BY,0
edb39a7fbdf3edaa,53,70.33,3819.71,2,two_year,auto_debit,True,False,0,101.6,8,3.6,3,26-35,0,DE-BY,0
a7847bb3573d03ed,44,52.89,2394.79,2,annual,digital_wallet,True,False,3,105.4,114,0.6,1,18-25,0,AT-W,0
788055dac7b97bee,3,88.09,313.08,1,two_year,auto_debit,False,True,0,73.4,72,0.8,0,18-25,1,DE-NW,0
f042952598001d4d,23,64.33,1545.69,3,annual,digital_wallet,False,False,12,322.4,6,2.9,1,18-25,0,CH-ZH,1
a80ba8b8e4eff13f,22,67.85,1583.12,4,two_year,credit_card,False,True,6,465.7,139,9.7,4,51-65,0,CH-BE,1
183a499c6578411d,27,57.04,1590.98,5,two_year,auto_debit,False,False,5,326.3,207,8.3,1,18-25,1,CH-BE,0
3571056f372526fb,54,35.45,1934.78,5,annual,auto_debit,True,False,2,270.8,33,2.1,0,36-50,0,CH-ZH,0
f0bdf50af02c3036,25,82.03,2113.84,5,two_year,auto_debit,False,True,0,157.3,158,0.1,2,36-50,1,CH-ZH,0
12c49e91ba41f800,24,48.02,1193.58,2,two_year,auto_debit,False,False,11,251.8,257,8.1,1,18-25,1,AT-W,0
833572166df65733,4,45.46,225.62,1,two_year,invoice,True,True,12,359.3,256,5.2,5,65+,1,AT-W,1
233d3520fc2f3a34,16,50.6,878.21,4,monthly,digital_wallet,True,True,9,303.4,78,5.7,3,18-25,0,DE-NW,0
64080c50db039307,39,72.45,2918.39,1,annual,auto_debit,False,False,2,467.0,82,0.7,4,36-50,1,DE-BY,0
ef3d71a9c72b587c,9,33.81,329.92,4,annual,digital_wallet,True,True,9,244.1,186,8.6,3,51-65,0,AT-W,0
26a276ce458d11ed,46,68.81,3221.25,1,two_year,digital_wallet,False,False,10,21.3,329,0.6,6,26-35,0,DE-NW,0
697dbb1da7fa8b85,13,45.52,632.7,1,monthly,digital_wallet,False,True,5,232.9,328,5.4,6,51-65,0,DE-BY,1
8afdb472cddbdb81,23,91.84,2242.96,4,monthly,digital_wallet,False,True,5,171.2,309,4.9,5,51-65,0,DE-HE,0
35d53b5d84d3da8d,58,19.02,1121.61,2,annual,auto_debit,False,True,12,180.7,220,9.8,1,18-25,0,DE-BY,0
e7e53eb4fc92f441,54,43.33,2365.11,1,annual,digital_wallet,True,False,11,225.7,214,5.2,5,36-50,0,DE-BY,0
ead1177c5fa66d4c,11,108.97,1358.13,3,monthly,invoice,False,False,7,237.7,352,7.8,5,51-65,1,CH-BE,0
7f53cb886f1e2ff1,49,101.42,5110.94,2,monthly,invoice,False,False,0,75.3,234,9.3,3,36-50,0,CH-BE,0
9ea3c99ef5cf605a,52,42.59,2278.06,2,two_year,digital_wallet,True,True,3,372.9,96,4.2,4,26-35,1,DE-NW,0
9160299cf45a5954,44,37.03,1673.0,1,annual,credit_card,True,False,4,251.0,63,7.0,5,51-65,1,AT-W,0
dd286cf412365357,45,51.98,2392.28,3,monthly,invoice,False,False,5,88.4,304,1.6,3,51-65,1,CH-BE,0
ea76132d9f572ff4,55,81.58,4604.2,1,monthly,auto_debit,True,True,9,466.2,53,5.0,6,65+,0,CH-BE,0
51310eeba67238b6,56,67.85,3878.83,4,monthly,invoice,False,False,1,97.8,240,9.5,2,51-65,1,CH-BE,0
cc637b3172221795,50,15.8,801.44,3,annual,credit_card,False,False,10,120.8,212,0.3,0,26-35,1,CH-ZH,0
0b80468f1b1e962d,40,50.18,2082.11,2,two_year,digital_wallet,True,False,0,400.7,295,4.3,5,51-65,0,AT-W,0
1c0b4f39057c26ff,40,69.31,2813.96,2,two_year,auto_debit,False,False,8,79.5,165,2.0,0,18-25,1,DE-BY,0
789cca4466567bf5,19,17.92,365.94,1,two_year,digital_wallet,True,True,7,317.2,183,1.9,5,26-35,1,DE-NW,0
361aca729d2d0a42,68,103.25,7155.96,4,annual,auto_debit,False,True,2,313.7,326,9.8,6,18-25,0,AT-W,0
5f315e5c16f4d768,15,26.24,430.19,1,monthly,digital_wallet,False,True,6,50.3,11,4.1,3,18-25,0,CH-BE,0
aa1ec59bd2903131,53,54.4,2959.81,2,monthly,credit_card,True,True,10,283.6,310,8.5,0,36-50,1,AT-W,0
3c67301ba053ad47,69,15.53,1083.29,1,monthly,auto_debit,True,True,3,433.4,58,9.0,0,36-50,0,DE-NW,0
cf3ced1a30242c1c,10,91.41,984.27,4,monthly,auto_debit,False,False,7,372.6,253,4.4,3,26-35,1,DE-NW,0
430d5e560fc5effe,25,87.14,2246.56,4,monthly,credit_card,True,True,11,243.9,228,4.2,5,36-50,1,CH-ZH,0
0144e4b8227cbf3f,13,78.77,1108.07,3,two_year,auto_debit,False,True,0,479.0,129,5.9,2,65+,1,AT-W,0
a6bd5c48718d9b02,3,27.04,106.25,2,annual,invoice,True,True,10,185.8,74,7.8,0,18-25,1,CH-BE,0
744d8a1d6cb48194,1,90.26,186.61,3,monthly,auto_debit,False,False,9,106.1,111,1.0,2,65+,0,CH-ZH,1
87dc8c4342f67013,53,86.62,4704.63,2,monthly,auto_debit,False,False,0,495.1,215,1.2,3,26-35,1,CH-ZH,0
a6e44b308296a3d0,49,39.82,1971.8,5,monthly,digital_wallet,False,True,6,18.5,273,9.2,0,36-50,0,DE-BY,0
ebba17080438114d,60,24.99,1529.97,3,annual,credit_card,False,True,8,387.3,252,6.1,3,36-50,1,AT-W,0
3c988be854d19cf7,15,103.52,1615.2,2,monthly,auto_debit,True,True,5,430.7,223,2.3,0,26-35,1,CH-ZH,0
a97be0a50ea38d7b,0,113.08,85.91,1,monthly,auto_debit,False,True,4,164.7,313,7.9,3,36-50,0,DE-NW,0
3fc3ba49c9dc124c,58,27.59,1618.1,5,annual,digital_wallet,True,True,9,239.0,250,9.8,2,51-65,0,DE-BY,0
123d24d4a082ef24,33,95.45,3231.27,2,two_year,invoice,True,True,7,30.1,6,6.7,3,51-65,0,AT-W,0
744590daea52110c,13,50.75,723.78,5,annual,credit_card,False,True,8,52.8,66,2.2,2,51-65,1,CH-ZH,0
32d234c08535ba67,65,36.32,2381.45,4,monthly,credit_card,True,True,7,438.1,56,2.4,3,26-35,1,DE-BY,0
d708cdd5a1ab5147,60,84.5,5134.69,5,monthly,credit_card,False,True,2,198.5,220,5.1,0,51-65,1,DE-HE,0
6a3cbb64234ba753,12,20.16,270.71,2,annual,invoice,False,True,9,138.0,311,4.9,3,18-25,0,CH-BE,0
342bc2899163338d,31,115.69,3650.38,1,two_year,credit_card,True,True,8,50.5,115,8.8,5,51-65,1,AT-W,0
cb70054de19693ac,12,38.09,502.47,4,monthly,invoice,True,False,10,144.0,305,2.9,0,18-25,0,CH-ZH,0
101d05b7bf232350,61,92.6,5758.6,2,annual,auto_debit,True,True,5,449.9,72,9.6,5,51-65,1,DE-HE,0
8e8ef9b2d63288e9,2,33.64,86.69,1,two_year,credit_card,False,True,7,436.6,241,1.1,6,18-25,1,DE-NW,1
89e3a36ad922f12c,67,67.83,4631.11,1,annual,credit_card,False,False,11,175.4,279,2.6,3,36-50,1,AT-W,0
73a33dcdb368fef2,1,101.91,186.88,5,two_year,digital_wallet,True,False,10,259.7,327,0.2,3,26-35,0,DE-HE,0
1a13581cb12c0831,63,18.24,1170.93,4,annual,invoice,True,True,6,319.4,140,8.8,5,65+,1,CH-ZH,0
27e36276d98cabee,22,42.86,1002.41,4,two_year,digital_wallet,False,False,3,20.5,266,7.0,6,65+,0,AT-W,0
62152f503ed652ee,58,74.5,4384.1,1,monthly,digital_wallet,True,False,10,75.1,148,6.2,5,26-35,1,AT-W,0
2ad62cb0b43165d1,36,21.78,804.86,2,annual,auto_debit,True,False,4,2.5,180,6.6,0,18-25,1,DE-NW,0
2aa6d7b211ac3c1c,44,107.27,4827.36,5,monthly,auto_debit,False,True,11,98.4,299,9.2,2,26-35,0,AT-W,0
2626f0f995feaad7,45,41.12,1886.84,4,monthly,credit_card,False,False,2,282.0,347,8.8,6,65+,0,CH-BE,0
97b20d27eeac7dcf,25,41.25,1060.11,3,monthly,credit_card,False,True,6,391.2,223,1.0,4,51-65,1,CH-ZH,0
2f99b0d07788b0a1,45,64.18,2947.18,4,annual,auto_debit,True,False,1,377.9,314,9.1,6,26-35,1,DE-NW,0
379706e13cf85e7f,69,109.49,7615.42,4,monthly,digital_wallet,True,False,12,381.5,265,4.6,0,18-25,0,DE-HE,0
84a767726dc564b9,13,50.02,689.8,4,two_year,credit_card,True,True,11,292.3,261,7.4,0,26-35,0,CH-ZH,1
f68f4bdc055c2fa3,63,29.32,1880.58,2,annual,credit_card,True,False,9,343.9,58,0.7,1,65+,0,CH-ZH,0
4837f180d0eb561f,12,40.96,513.01,5,annual,digital_wallet,True,True,4,202.3,94,8.2,6,65+,1,CH-ZH,1
a54cf8e4bd9cd4d7,56,105.23,5990.99,1,monthly,invoice,True,True,8,370.8,279,2.0,3,36-50,1,CH-BE,0
fc7409b846103218,12,115.7,1523.5,4,annual,auto_debit,False,False,6,74.1,145,4.6,4,51-65,0,CH-ZH,0
7cc3d9f09d5d18c2,38,18.58,727.54,4,monthly,credit_card,True,False,11,229.2,4,9.8,2,65+,0,DE-HE,0
def76f599c8e96a7,67,56.02,3818.09,3,two_year,credit_card,False,True,4,392.5,337,3.0,3,18-25,1,AT-W,0
77145db08d2500c4,60,78.61,4811.6,5,two_year,credit_card,True,False,9,477.6,178,5.8,6,51-65,0,DE-BY,0
75d65b878316d8b6,3,104.46,375.69,1,annual,digital_wallet,False,True,12,404.3,121,1.1,1,51-65,1,DE-BY,1
394b8efc30a36396,7,79.25,661.48,1,annual,credit_card,True,True,5,53.8,230,3.8,5,65+,0,DE-NW,1
7bae829bc27e6ff4,32,66.57,2178.54,2,annual,invoice,True,True,10,479.9,49,2.0,6,26-35,0,DE-HE,0
e9eb878f95923e75,52,74.67,3945.62,5,annual,invoice,True,False,8,176.1,316,9.0,6,26-35,0,AT-W,0
c2ae9458e7377ef2,54,80.67,4442.43,2,two_year,credit_card,True,True,7,115.3,307,5.4,0,26-35,1,DE-HE,0
a2d85430341b11eb,49,88.84,4475.0,3,monthly,invoice,False,False,9,28.3,357,8.9,4,51-65,1,CH-BE,0
0ef584decd975f31,3,18.39,68.05,1,monthly,invoice,False,True,3,246.8,288,9.0,5,18-25,1,DE-BY,0
f3ab14cdd1f7c406,53,77.81,4169.11,5,annual,invoice,False,True,1,17.8,259,2.3,2,51-65,1,DE-HE,0
697080d3446d0659,29,17.25,522.22,2,two_year,digital_wallet,True,False,0,193.6,193,7.0,3,51-65,0,DE-BY,0
114f7360cdf50a16,56,27.39,1572.28,3,monthly,credit_card,False,True,3,116.0,301,0.1,3,65+,0,DE-BY,0
abed2df131af0962,31,100.33,3173.11,2,annual,auto_debit,False,False,9,327.6,125,10.0,1,65+,1,AT-W,0
b891ea3c46babb94,15,83.94,1379.84,2,annual,credit_card,True,False,11,151.4,187,7.8,2,26-35,1,DE-HE,1
ad322e7a390c0744,69,67.86,4777.37,5,annual,credit_card,True,True,2,420.7,266,2.3,5,65+,0,DE-BY,0
e11c4b4d9ebc35d0,47,91.12,4331.47,2,two_year,digital_wallet,False,True,0,249.5,17,2.7,4,51-65,1,DE-BY,0
fa7732efe4772143,7,44.3,354.19,4,annual,digital_wallet,True,True,3,189.7,337,4.3,0,36-50,0,CH-ZH,0
94c152bdf68cc6af,44,113.41,5132.31,3,annual,invoice,True,False,11,414.6,222,8.7,6,18-25,0,CH-ZH,0
f78adc53ffb3b0e6,49,115.01,5726.05,5,annual,digital_wallet,False,True,6,233.7,121,1.3,0,36-50,1,DE-BY,0
046fa5773922c5d8,31,95.99,3078.5,1,two_year,credit_card,False,False,10,125.3,334,8.1,4,18-25,0,DE-HE,0
985b4d44da64c8ed,72,84.38,6189.07,4,annual,auto_debit,False,True,7,18.5,183,4.8,6,65+,0,AT-W,0
ac1307fe013f478f,7,75.85,636.92,5,annual,auto_debit,False,True,4,383.0,141,2.6,3,26-35,0,CH-BE,1
5800cc8d6a5c3e91,22,30.42,685.96,1,two_year,auto_debit,True,False,9,158.7,283,7.2,0,36-50,1,DE-BY,0
8920b5e6cbd13faa,45,71.75,3281.46,1,monthly,digital_wallet,True,True,3,102.0,292,3.7,6,51-65,0,CH-BE,0
449468eb0d2d9425,54,106.96,5864.25,3,annual,digital_wallet,False,False,4,311.0,82,3.7,2,26-35,0,DE-BY,0
cc1a5cbbfe5d08a3,27,99.84,2823.56,5,two_year,credit_card,True,False,9,16.3,76,3.8,5,18-25,0,DE-NW,0
3248a73959fbd3f3,72,67.87,4957.78,4,two_year,auto_debit,True,False,10,262.2,225,3.2,1,65+,1,DE-NW,0
95c371cdc09012db,42,40.52,1736.77,4,annual,auto_debit,True,False,11,478.8,209,3.6,2,65+,0,DE-HE,0
390be1c29d49d018,61,78.55,4863.73,5,monthly,invoice,False,True,9,130.1,146,3.4,0,18-25,1,AT-W,0
3dc472c58d3e56b5,64,118.24,7701.28,2,monthly,digital_wallet,True,True,1,209.3,283,7.1,3,18-25,0,DE-BY,0
2c955c05a25028f6,55,17.51,973.08,5,two_year,digital_wallet,False,False,2,201.2,285,2.4,2,18-25,1,DE-HE,0
79b34c7dbd15f98b,13,119.38,1699.82,3,annual,digital_wallet,False,False,4,378.8,358,1.3,1,65+,0,DE-NW,1
ca53275e55749087,0,77.32,88.87,4,annual,digital_wallet,True,False,12,48.4,152,4.9,0,65+,1,DE-HE,0
8c725f3e249643b8,41,55.33,2348.95,1,two_year,invoice,False,False,9,439.8,160,1.0,2,26-35,0,DE-HE,0
81300e96b360deb4,35,66.1,2357.74,3,two_year,auto_debit,True,False,2,48.0,282,8.4,6,26-35,0,CH-ZH,0
2f32543265ea675a,5,115.78,729.3,1,annual,auto_debit,False,True,4,470.9,292,4.3,3,65+,0,AT-W,0
0fcdd235f2ddae38,37,111.39,4279.51,1,annual,digital_wallet,False,False,1,432.3,142,7.3,0,36-50,0,CH-BE,0
c70667064ebd7fff,28,91.37,2650.38,3,annual,auto_debit,False,True,6,50.2,361,7.9,2,26-35,0,CH-BE,0
f4aebc96462e6b0f,1,40.82,96.83,2,two_year,invoice,False,False,2,242.3,95,7.3,2,26-35,0,CH-BE,0
c71d88a3c296fdf2,11,114.84,1406.73,1,annual,auto_debit,False,True,11,89.1,214,6.9,4,51-65,0,CH-BE,0
ae2d1158bfce8bb7,44,65.84,2941.74,3,monthly,credit_card,False,False,12,315.0,306,3.6,3,36-50,0,DE-NW,0
876b001890d3aca4,14,116.11,1772.3,4,annual,credit_card,True,False,1,88.1,163,6.6,2,51-65,0,AT-W,0
f61e060c86948745,62,78.11,4884.14,3,two_year,invoice,False,True,8,385.9,133,6.7,3,51-65,1,AT-W,0
e719af81c6c44bc2,51,42.37,2202.63,2,annual,auto_debit,False,False,6,110.7,85,5.4,6,18-25,1,DE-NW,0
a20543486f3cdd47,69,17.09,1201.47,1,two_year,credit_card,False,True,10,24.6,107,3.6,1,26-35,1,CH-BE,0
8a21706ad64d5905,29,45.47,1358.37,4,monthly,invoice,True,True,0,377.6,269,1.0,3,51-65,0,DE-NW,0
ebc260a30110adcb,36,46.65,1738.76,2,monthly,credit_card,True,False,10,200.4,138,8.6,0,18-25,1,DE-BY,0
e89361e718e38b84,1,92.98,224.92,1,two_year,digital_wallet,True,False,12,161.9,262,7.4,2,36-50,1,DE-NW,0
0469899baa19afb3,12,42.75,554.53,3,annual,auto_debit,True,False,8,139.3,145,9.1,4,65+,0,AT-W,0
54134e1b407907c1,2,119.28,411.69,5,two_year,auto_debit,False,True,9,487.6,203,7.7,3,36-50,1,CH-ZH,0
624fa59c72776852,13,82.5,1180.55,1,monthly,invoice,True,False,9,125.0,72,4.0,6,51-65,0,DE-BY,0
1b110242588b118a,63,41.46,2646.72,2,monthly,credit_card,False,True,4,345.2,287,7.9,4,51-65,1,CH-BE,0
1afdd1a2c9be1455,30,48.79,1513.19,1,monthly,digital_wallet,True,False,2,378.4,82,5.2,0,26-35,0,AT-W,0
a550dc9ed573b250,14,19.1,280.21,5,annual,invoice,False,False,0,148.4,222,10.0,5,36-50,1,CH-ZH,0
c8922bed7d0e7358,47,74.2,3546.03,2,two_year,credit_card,False,False,7,105.3,169,9.3,5,26-35,0,CH-ZH,0
9add13dae81ea94f,60,16.03,972.23,1,monthly,credit_card,True,True,11,46.9,234,3.3,0,65+,1,CH-ZH,0
22d658778894acd9,20,22.01,470.65,3,two_year,auto_debit,True,False,4,410.4,218,5.8,2,36-50,1,DE-HE,0
51bae5d5e6eb1e84,71,71.81,5139.98,2,monthly,invoice,False,True,4,281.8,64,8.0,4,51-65,1,CH-ZH,0
2abe76f47173a52a,35,116.5,4207.5,4,monthly,invoice,True,True,3,45.7,314,1.5,1,51-65,0,DE-HE,0
7c7af75cffc2d2e2,9,109.08,1092.08,4,annual,digital_wallet,False,False,8,380.0,123,5.6,3,51-65,1,DE-HE,1
2df30e5e5dd0ca06,39,103.06,4078.93,5,monthly,invoice,False,True,6,280.2,250,7.0,2,18-25,1,CH-BE,0
425b364d849378d4,44,33.69,1528.02,3,two_year,digital_wallet,True,True,6,187.1,5,2.0,2,65+,0,DE-BY,0
32b732435b773ec8,39,49.49,2000.18,5,monthly,credit_card,True,False,10,239.4,22,10.0,5,36-50,1,CH-BE,0
c8c37fc4912b4fd6,7,116.97,978.24,4,two_year,digital_wallet,False,True,7,375.0,331,7.5,6,18-25,0,DE-HE,0
455d12da511ab656,3,79.36,333.76,2,monthly,auto_debit,False,True,0,221.7,363,0.6,0,65+,1,DE-NW,0
cd99fa63c6194cc0,2,49.93,169.75,2,two_year,credit_card,True,False,6,418.9,342,0.6,1,65+,0,CH-BE,0
30888b723f760fac,34,23.82,828.35,2,two_year,digital_wallet,True,True,4,136.9,179,1.2,3,65+,0,CH-ZH,0
772c09f7de4d4678,59,24.26,1447.9,1,monthly,credit_card,True,True,12,5.2,326,3.7,0,26-35,1,CH-BE,0
3a34da158180a2b2,24,93.48,2319.28,4,two_year,credit_card,True,False,2,282.5,211,2.3,1,36-50,0,DE-NW,0
7817ec45dfccddb9,37,42.23,1587.53,3,two_year,credit_card,False,False,10,343.5,87,0.4,6,65+,1,DE-NW,0
3efc9e32d7f15ec4,68,74.71,5150.05,3,monthly,credit_card,False,True,8,386.7,132,2.2,2,18-25,0,CH-ZH,0
5c92fcc0db6d8ab7,23,64.9,1546.11,5,annual,auto_debit,False,True,10,179.4,4,1.6,3,36-50,1,CH-BE,0
4ef34e24367ad7d4,12,34.65,438.76,5,monthly,auto_debit,False,False,9,288.0,222,7.3,3,26-35,1,CH-BE,0
6679b69f9256d07b,47,78.1,3741.08,1,monthly,auto_debit,False,False,12,134.7,295,4.0,0,26-35,0,DE-HE,0
75d8f06438f91d09,67,35.84,2446.15,2,two_year,credit_card,True,True,4,396.4,72,8.0,3,51-65,0,AT-W,0
7875d35007f73b07,0,84.15,56.55,3,monthly,invoice,True,True,6,45.1,125,1.5,4,36-50,0,AT-W,1
873fe2202b6bce0c,20,51.19,1084.55,2,annual,digital_wallet,False,True,12,458.5,198,1.3,6,26-35,1,DE-HE,0
a2f1ae70dbe7c06c,36,101.08,3732.34,4,two_year,auto_debit,False,False,10,370.2,300,0.3,4,26-35,0,DE-HE,0
63d18335b39fbaff,46,50.68,2387.56,4,monthly,invoice,True,False,3,22.1,154,4.4,2,51-65,0,AT-W,0
1c977db147f46222,19,44.92,912.83,1,annual,digital_wallet,True,True,6,341.2,54,4.6,0,36-50,0,CH-BE,0
60bf64ac291e0e1d,51,99.37,5149.26,5,two_year,digital_wallet,False,True,7,326.9,343,4.0,6,18-25,1,AT-W,0
7cd6a5223fc31e17,33,92.92,3187.82,4,two_year,credit_card,False,False,8,485.9,57,7.9,3,65+,1,CH-BE,0
2599d3f84b57199e,10,30.79,352.06,5,annual,invoice,False,False,0,232.4,20,1.2,3,51-65,1,DE-BY,0
48729bba3c509acb,47,41.49,1983.06,1,two_year,credit_card,True,False,5,208.5,228,3.2,5,18-25,0,DE-HE,0
977c64cfba67295a,4,70.78,330.91,5,monthly,invoice,True,False,6,446.4,176,9.7,5,65+,0,CH-BE,0
4ae94faa21f10177,67,74.75,5070.04,1,monthly,auto_debit,False,True,5,463.7,154,4.2,0,26-35,1,CH-BE,0
fd8b048c9dcc4187,10,102.87,1092.11,2,two_year,credit_card,False,True,11,399.5,191,5.7,1,51-65,1,CH-BE,0
e2cbadb8db971ce1,23,44.07,1062.29,2,two_year,credit_card,False,True,6,103.6,212,6.6,2,36-50,1,CH-ZH,0
a186648bf6fd0472,40,25.2,1038.47,2,monthly,credit_card,False,False,10,297.6,277,3.9,4,18-25,1,DE-HE,0
912105a7208a1ea3,40,51.37,2104.22,4,monthly,invoice,False,False,6,16.1,292,9.7,5,51-65,1,DE-BY,0
b626377d5234383c,26,93.54,2507.25,3,annual,digital_wallet,True,True,9,292.5,319,3.5,3,51-65,0,DE-HE,0
21d14a120ca4e518,71,93.13,6693.75,5,monthly,digital_wallet,True,True,6,109.2,56,5.7,1,26-35,1,CH-ZH,0
b4d5d08374e3b34a,52,51.96,2774.69,3,annual,credit_card,True,False,8,267.8,200,2.3,3,51-65,1,DE-HE,0
3173f6ff68affcf0,57,31.48,1822.69,1,two_year,credit_card,False,True,10,453.6,196,5.8,3,51-65,1,DE-NW,0
890b4fd5337e8ae0,3,79.98,329.51,1,two_year,digital_wallet,True,False,9,125.0,291,6.3,5,18-25,1,DE-BY,1
50d6200e599a11a6,49,72.97,3674.06,2,annual,credit_card,True,True,7,468.6,102,3.2,2,18-25,0,DE-NW,0
79f7d72f5f58db79,59,63.22,3789.64,2,monthly,digital_wallet,True,False,2,122.4,35,0.1,0,51-65,1,AT-W,0
2db647ad564ecb7a,9,97.22,1009.47,5,monthly,auto_debit,False,False,11,29.9,203,8.3,5,18-25,1,AT-W,0
747b4e057947688e,65,81.07,5373.92,1,monthly,credit_card,True,True,5,206.4,173,1.4,1,51-65,0,DE-HE,0
7f4335560a6a3524,12,49.65,643.38,4,monthly,credit_card,False,False,11,222.3,230,7.0,4,36-50,0,DE-NW,0
f6f0f3fb39eda772,18,69.79,1352.54,5,annual,credit_card,False,True,9,316.9,243,7.1,5,36-50,0,CH-BE,1
7650e7960a7a4e2a,16,30.39,513.11,2,monthly,invoice,False,True,9,6.0,186,7.2,5,65+,1,AT-W,0
ab4e765e8843ec76,21,117.1,2586.4,5,annual,credit_card,False,False,10,84.6,268,4.8,3,51-65,0,CH-BE,0
262d379b1a935bf1,8,50.95,444.5,3,two_year,auto_debit,True,False,7,229.7,326,9.1,6,65+,0,CH-BE,0
254969382f22011a,25,53.17,1389.14,3,two_year,auto_debit,False,True,12,28.0,290,5.2,1,36-50,0,CH-BE,0
487acc9ed4a526be,31,38.98,1234.79,5,annual,credit_card,True,True,11,415.3,32,9.1,1,65+,1,DE-BY,0
93e4ee0c621c6c0d,26,38.9,1053.46,4,monthly,auto_debit,False,True,3,239.1,226,0.8,1,18-25,0,CH-ZH,0
5aea0f8418c788e7,62,46.5,2926.23,1,two_year,digital_wallet,True,False,0,125.9,208,6.0,3,26-35,1,CH-ZH,0
77e0b6a5284edb40,61,68.99,4263.56,5,monthly,credit_card,False,False,10,220.0,93,4.9,2,65+,1,AT-W,0
4b5612a18aca755d,20,33.77,715.01,1,annual,credit_card,True,True,12,54.4,118,2.1,4,36-50,1,CH-ZH,0
6a7a45ef56b7cc6a,60,25.81,1577.24,5,two_year,invoice,False,True,3,383.2,87,8.5,4,26-35,1,CH-ZH,0
cb48b465991a6367,60,83.62,5124.21,3,monthly,credit_card,False,False,5,72.5,170,7.3,6,36-50,1,DE-HE,0
bb0c7a4d24a69dad,54,74.15,4041.6,4,monthly,digital_wallet,False,True,7,383.5,9,8.2,1,26-35,1,DE-HE,0
05773f537a4c7ed1,47,17.49,837.46,5,two_year,invoice,True,False,4,53.4,124,1.6,5,51-65,1,DE-BY,0
0301680e7e8045c6,49,87.22,4359.87,3,two_year,digital_wallet,True,True,0,319.8,141,5.4,3,36-50,0,AT-W,0
bfde2e0db1f91226,17,107.49,1986.11,4,monthly,invoice,False,True,8,44.0,125,3.3,4,36-50,1,CH-BE,1
a265fd09e4a67210,2,29.75,100.28,3,annual,digital_wallet,True,True,5,234.2,235,3.6,1,36-50,1,CH-ZH,0
76d068488532d560,2,29.73,87.03,4,monthly,auto_debit,False,True,9,218.6,16,9.6,6,36-50,1,DE-HE,0
6664780cf8339f06,42,81.61,3514.56,5,monthly,invoice,True,False,9,325.1,97,7.5,6,51-65,1,AT-W,0
a2fa5f5fb5b6d810,57,108.38,6248.35,3,monthly,invoice,False,False,8,390.6,221,8.9,3,65+,1,DE-BY,0
7a6ad03248d611d3,49,16.98,847.76,3,monthly,credit_card,False,True,12,410.8,181,8.9,5,65+,0,DE-NW,0
b871cd71bfe8e9d8,18,36.65,678.99,5,monthly,invoice,False,True,5,435.3,117,6.6,1,36-50,0,AT-W,1
d28853d261e28c50,34,39.46,1391.85,1,monthly,digital_wallet,True,False,0,222.0,106,3.8,3,51-65,1,DE-NW,0
d63e94a07a59a8cf,26,95.95,2554.64,2,two_year,auto_debit,True,True,1,470.3,309,3.6,2,51-65,0,DE-NW,0
bbbdc5bdd5d4f50a,11,98.98,1163.54,1,annual,auto_debit,True,False,12,210.0,51,3.5,2,18-25,1,CH-BE,0
f8229df896de7e70,38,39.08,1530.0,4,annual,auto_debit,False,False,0,70.4,127,1.8,0,26-35,0,DE-NW,0
51567c4b4d22a582,60,95.04,5826.18,3,annual,digital_wallet,True,False,2,87.3,265,9.7,5,26-35,1,DE-BY,0
189d6ab44a602ce6,20,18.15,379.4,3,annual,credit_card,True,True,5,14.2,240,0.3,6,26-35,1,DE-BY,1
4f6a604412055600,69,54.59,3822.68,2,monthly,auto_debit,False,True,1,209.9,33,1.1,3,51-65,1,CH-ZH,0
dc04c42ebfeda16c,56,29.11,1663.25,3,annual,digital_wallet,False,True,5,328.2,187,9.6,5,18-25,1,AT-W,0
865382db3c8da506,25,28.21,742.08,2,monthly,auto_debit,True,False,4,443.5,53,2.5,2,26-35,1,DE-HE,0
a20770f994d8bc93,59,85.18,5117.37,3,monthly,credit_card,False,False,10,72.6,17,7.5,6,51-65,0,DE-NW,0
0312fa2a05021b8f,23,16.5,401.53,2,monthly,digital_wallet,False,True,9,240.4,176,1.9,6,65+,1,AT-W,0
271851a35dd63fe7,27,62.59,1748.76,3,two_year,credit_card,False,True,4,170.5,249,7.7,3,18-25,1,CH-ZH,0
1533a1259c2fc740,33,21.63,738.5,5,monthly,auto_debit,True,False,1,60.1,364,3.0,6,36-50,1,AT-W,0
129fe03886f1f5d5,55,73.1,4127.69,5,monthly,digital_wallet,True,True,10,110.9,8,2.0,5,36-50,0,CH-ZH,0
84ea5afb81d31843,67,70.13,4759.21,2,two_year,invoice,False,True,1,340.2,325,6.3,4,26-35,0,CH-ZH,0
f6b58d54c79a7cd6,54,105.12,5829.86,4,annual,digital_wallet,False,False,7,161.0,153,0.0,2,65+,1,DE-NW,0
1f874be6a0cb1c90,8,21.22,183.42,2,monthly,digital_wallet,True,False,6,295.7,127,8.3,0,26-35,1,DE-NW,0
37f3b479dac1617b,51,27.96,1466.34,2,monthly,digital_wallet,True,False,12,163.7,326,1.2,2,65+,0,CH-BE,0
031a84fdde5154dc,60,39.38,2414.87,5,two_year,digital_wallet,True,True,12,455.3,174,8.8,0,51-65,1,DE-BY,0
9368a3af2ec5e010,59,59.72,3595.73,4,annual,invoice,True,True,11,301.7,306,8.7,1,51-65,1,AT-W,0
9c8762c6a5630071,7,82.0,637.98,3,annual,credit_card,False,False,5,41.5,51,7.1,3,26-35,1,DE-NW,0
26f42509cf5cde8e,55,84.89,4777.69,4,two_year,digital_wallet,False,True,9,53.9,329,9.5,4,18-25,0,DE-NW,0
842e12789ce58df1,46,75.91,3575.65,4,two_year,auto_debit,False,False,7,286.7,267,0.4,3,51-65,0,DE-NW,0
d74b06ffbaac2f60,72,33.98,2474.73,3,annual,auto_debit,False,False,5,409.2,176,3.5,1,36-50,1,DE-BY,0
4a178282c5ca18d1,41,63.11,2635.67,2,monthly,credit_card,False,False,12,407.7,255,8.6,2,36-50,0,DE-HE,0
58ed68e151539877,39,25.64,1029.18,3,two_year,digital_wallet,True,False,3,132.3,362,4.9,2,51-65,1,DE-NW,0
c35c0ec39826d510,21,48.89,1079.58,5,two_year,credit_card,True,False,9,347.8,101,0.9,5,65+,1,DE-HE,1
66e2c13454481652,18,90.17,1703.92,4,monthly,credit_card,True,False,3,221.3,20,2.5,1,36-50,0,AT-W,0
674648194942cb9b,28,102.49,2946.11,2,annual,invoice,True,True,4,121.8,10,8.6,3,51-65,1,CH-ZH,0
cfd7bfdc0ab5033a,70,119.83,8470.31,5,two_year,digital_wallet,False,False,11,398.4,186,8.0,2,51-65,1,DE-HE,0
639f0e3b604d2813,30,48.62,1529.49,2,annual,invoice,True,True,12,492.8,362,4.8,2,18-25,0,CH-BE,0
2f6a7cc25b5c97ab,44,90.34,4070.18,2,annual,credit_card,True,False,9,218.9,302,4.4,1,18-25,1,CH-ZH,0
5b528c377e06dea8,7,109.06,894.98,1,two_year,credit_card,True,False,9,126.0,14,7.1,3,51-65,0,AT-W,0
c03ffd1693bec76d,27,84.49,2382.38,3,annual,invoice,False,True,12,269.8,348,5.9,6,18-25,0,CH-BE,0
e4f1f16961d97f33,45,76.68,3494.39,1,two_year,digital_wallet,True,True,3,489.9,91,8.4,0,51-65,0,DE-HE,0
3a60297550f4327d,11,24.89,303.68,4,annual,digital_wallet,False,True,5,91.5,159,3.6,5,51-65,1,AT-W,0
3550bcf50d099218,11,34.38,403.16,1,annual,digital_wallet,True,False,0,439.7,31,9.8,0,36-50,0,DE-NW,0
297073f7a7ee6b4f,0,116.18,58.63,4,annual,auto_debit,False,True,2,94.2,317,5.0,4,26-35,1,DE-BY,0
9a5ccc82ae06bb65,19,77.97,1589.92,2,two_year,invoice,False,True,9,19.4,275,8.9,6,18-25,1,DE-HE,0
cfd3427cb3b54ffa,13,51.65,724.05,1,annual,invoice,True,False,7,464.3,280,8.3,6,51-65,0,CH-BE,1
097df5566b051546,70,21.87,1544.93,4,monthly,digital_wallet,True,False,0,458.3,245,8.1,5,65+,0,CH-ZH,0
a6acf3ec3917ed9a,11,84.67,1018.35,5,two_year,digital_wallet,True,False,5,67.7,101,2.9,5,51-65,1,AT-W,0
f5c1f4185201b43e,48,23.65,1149.49,5,annual,digital_wallet,False,False,12,385.4,350,7.0,4,18-25,0,DE-BY,0
707dfe078e749c2a,39,108.67,4354.55,2,two_year,credit_card,True,True,0,483.4,197,1.9,4,18-25,1,CH-BE,0
5c55f95768bc1eb0,65,70.02,4612.28,1,monthly,auto_debit,False,True,3,356.2,37,7.1,3,26-35,0,DE-BY,0
daf14806094945d4,48,36.63,1810.41,1,monthly,credit_card,True,False,3,185.9,205,0.4,1,65+,0,CH-ZH,0
14e24b971303e94d,33,107.6,3665.99,3,monthly,credit_card,False,True,6,411.8,193,2.8,1,51-65,1,CH-ZH,0
461896e94fb5a53d,1,80.79,177.41,4,monthly,invoice,True,True,1,79.5,250,0.7,4,36-50,0,CH-BE,0
e7f8b23a62389cc1,32,115.31,3827.72,3,two_year,credit_card,False,False,1,380.5,202,8.2,1,18-25,1,DE-NW,0
09b6ec1156b1654d,16,69.41,1178.5,1,monthly,auto_debit,False,True,1,381.3,34,2.4,4,36-50,1,CH-BE,1
bb1163efc37aff0d,18,61.41,1176.79,5,monthly,invoice,False,True,9,7.1,78,3.4,2,26-35,1,AT-W,0
93921f68ad668471,25,109.66,2838.0,3,two_year,auto_debit,True,True,10,97.2,336,7.2,0,51-65,0,DE-NW,0
9f0102c1e761f255,67,45.22,3077.09,3,monthly,auto_debit,True,False,8,267.1,316,7.2,5,36-50,1,DE-BY,0
2aef673b253b3d58,18,109.66,2029.36,1,two_year,auto_debit,False,True,3,381.1,18,5.6,0,18-25,1,CH-ZH,0
8ca025aa63ad7f19,49,44.66,2230.75,2,two_year,digital_wallet,False,False,10,227.5,78,4.5,2,26-35,0,DE-HE,0
25a2fefaa45a6219,22,116.12,2642.57,2,annual,auto_debit,False,False,2,21.3,210,7.1,4,26-35,1,DE-NW,0
1ab01430c33d21c2,45,36.85,1709.24,4,two_year,digital_wallet,False,False,7,181.8,166,6.7,1,65+,0,DE-NW,0
639fffe8f52ba3ca,27,89.82,2555.2,5,annual,digital_wallet,False,False,10,153.4,201,1.4,0,65+,1,DE-HE,0
9346d0d6814428d4,52,20.34,1079.07,2,two_year,digital_wallet,False,True,7,11.9,105,3.9,5,26-35,1,CH-BE,0
3b522e0c4debdf10,72,95.77,6998.4,2,monthly,digital_wallet,False,False,3,434.0,66,7.6,3,36-50,0,CH-BE,0
a4390b8020481075,12,97.63,1221.22,1,annual,auto_debit,False,False,3,371.8,109,3.1,0,36-50,1,CH-ZH,1
85607fb2f086c1c1,57,64.88,3749.4,1,two_year,invoice,True,True,6,59.2,316,4.1,4,65+,1,CH-BE,0
bfb5e25d1defb1ce,35,87.45,3189.84,2,annual,auto_debit,True,True,6,236.4,244,1.7,0,65+,1,AT-W,0
cba04ef519085d14,23,61.97,1486.77,5,annual,credit_card,True,False,1,88.6,319,3.0,3,26-35,0,CH-BE,1
9ea7371d4d87b646,25,115.97,3039.74,1,annual,digital_wallet,True,False,2,182.6,129,1.9,2,65+,0,AT-W,0
88cfc5a51b95e5d1,40,110.11,4485.75,3,annual,digital_wallet,False,False,0,136.4,336,4.6,0,36-50,0,DE-NW,0
aa03c6e4e5791767,1,92.14,173.29,4,annual,digital_wallet,True,False,11,187.6,187,8.0,6,51-65,1,CH-BE,1
a0cb6f1e5ae6809a,43,28.9,1264.71,2,annual,credit_card,False,True,7,459.4,43,8.1,2,65+,0,DE-BY,0
9ec68a9aa1445e62,16,99.65,1651.64,3,monthly,invoice,True,True,1,4.8,6,7.4,2,65+,0,DE-NW,1
d9fcace36fdc8173,58,81.26,4807.74,5,monthly,auto_debit,True,True,11,463.3,95,0.9,0,18-25,1,CH-BE,0
e6f577c090d9035b,29,37.07,1107.91,5,monthly,digital_wallet,True,False,9,353.1,240,2.9,5,65+,0,AT-W,0
0cf489584e43aaa5,23,68.3,1671.59,3,monthly,invoice,True,True,3,93.5,164,7.6,1,26-35,1,CH-BE,1
c366faef9cbfbfd6,37,78.16,2953.31,4,annual,credit_card,True,True,10,445.3,349,2.5,6,26-35,0,DE-BY,0
07b871ac172a9c35,8,66.86,572.35,4,monthly,digital_wallet,True,True,5,294.1,185,7.0,4,18-25,1,CH-BE,0
39a30d3931fe5458,40,62.33,2554.31,4,annual,digital_wallet,False,True,3,293.6,21,6.9,3,51-65,1,DE-HE,0
2c3888e2386d6cb4,51,63.68,3308.31,2,two_year,digital_wallet,False,True,2,394.1,195,9.9,5,26-35,1,DE-HE,0
dad9aab4c746f6c5,1,60.61,145.79,2,two_year,invoice,True,True,0,195.6,76,2.7,1,18-25,1,AT-W,0
ff888cd20c715b33,20,46.87,986.58,2,monthly,digital_wallet,False,False,6,473.7,81,4.9,5,18-25,1,DE-BY,0
097fd8b6f9a08ae3,8,115.06,1047.95,2,monthly,digital_wallet,True,False,7,6.5,157,6.3,2,36-50,1,CH-ZH,0
a482af252c6703ed,15,77.91,1234.18,3,two_year,invoice,False,False,1,8.9,189,4.2,1,36-50,0,DE-HE,0
87a48f2a1473fa26,60,97.61,5961.75,3,two_year,invoice,True,False,12,316.3,117,7.1,4,26-35,0,AT-W,0
f18e4304c474cbd8,72,64.32,4696.06,1,annual,invoice,False,True,8,245.5,308,9.0,5,36-50,0,AT-W,0
4885e4643962dea4,49,96.63,4809.88,2,annual,auto_debit,False,True,3,316.5,167,3.6,4,51-65,0,DE-HE,0
3df83a86d1de18b2,40,65.89,2726.74,2,two_year,invoice,True,False,11,30.3,99,5.2,4,36-50,0,AT-W,0
1b60ba3aec06c5b3,54,88.57,4853.47,2,monthly,credit_card,True,True,10,322.0,215,0.8,3,26-35,1,CH-BE,0
5fa82ac52c1823ed,48,73.3,3610.65,1,annual,digital_wallet,False,True,11,303.3,145,1.6,1,36-50,0,DE-BY,0
caffab3ed0242dd1,6,106.11,728.85,3,two_year,digital_wallet,True,False,10,161.9,91,3.3,6,18-25,1,DE-HE,0
c13e306f211ed1f4,72,94.43,6894.5,2,annual,auto_debit,True,True,2,51.1,83,9.4,1,18-25,1,DE-HE,0
187336a7e7837268,43,23.52,1024.76,4,two_year,auto_debit,False,False,11,77.5,45,8.1,3,26-35,0,DE-HE,0
8cfb46094b5f0108,29,40.12,1205.91,1,two_year,invoice,False,True,0,109.5,119,9.5,6,26-35,1,DE-HE,0
8ec955a8557fc25e,49,94.38,4673.63,3,annual,auto_debit,False,True,0,100.1,18,2.1,4,51-65,0,DE-HE,0
d401c5577bb35cfc,10,76.07,867.09,2,annual,invoice,True,True,10,372.1,144,2.7,2,65+,1,DE-NW,0
e52768c960a35996,25,94.19,2420.28,3,annual,auto_debit,False,False,0,222.8,333,6.7,6,51-65,0,DE-NW,0
289fad8aadc0b5a7,14,19.37,295.25,2,monthly,credit_card,True,False,5,231.9,331,6.3,4,36-50,0,CH-ZH,0
788e7f53c9a7b524,3,47.54,174.99,3,monthly,digital_wallet,False,False,7,492.1,308,7.5,3,51-65,1,CH-BE,1
207fe588bb4392c5,31,23.16,729.55,1,two_year,auto_debit,True,False,0,151.7,195,7.3,1,18-25,0,DE-HE,0
0396573038648b4c,27,82.81,2338.71,3,monthly,credit_card,False,True,4,385.2,61,3.0,2,51-65,0,DE-BY,0
70b4ff1afa97020e,3,107.43,394.76,1,monthly,invoice,False,False,4,11.3,288,4.8,5,26-35,0,DE-BY,0
9009b7941abcc0b2,50,86.19,4395.47,4,annual,invoice,True,True,10,31.5,143,7.1,5,51-65,0,DE-HE,0
6cacffc716869f24,3,85.48,315.26,4,monthly,auto_debit,False,False,12,115.8,24,2.9,0,65+,1,AT-W,0
1df807fa2247cd59,60,72.18,4431.98,5,two_year,invoice,False,False,6,87.0,205,3.7,2,36-50,0,CH-BE,0
e2bf979250213981,63,85.95,5540.46,1,two_year,credit_card,True,False,5,322.7,230,7.5,6,26-35,0,DE-HE,0
4f503dea81961fa6,64,111.42,7202.75,3,two_year,invoice,True,True,11,198.2,214,8.8,4,65+,0,CH-ZH,0
b0cace3cdb71b4c7,13,75.42,1059.68,2,two_year,invoice,False,False,1,162.7,191,5.5,3,65+,1,DE-NW,1
d96ba76dbed500bb,44,93.73,4263.59,2,two_year,digital_wallet,True,True,11,0.3,258,8.0,3,26-35,0,CH-BE,0
cd57fcebe948e59f,39,40.39,1628.74,5,two_year,auto_debit,True,True,0,15.5,61,2.1,6,18-25,0,DE-HE,0
c6ef2a45ddd2f617,57,114.86,6645.51,4,monthly,credit_card,False,False,5,104.2,219,6.2,3,65+,0,CH-BE,0
023bed971c9205c8,62,117.59,7390.71,3,two_year,digital_wallet,False,True,6,344.3,317,8.8,5,51-65,0,AT-W,0
2c0e7544e635fc12,4,116.09,532.48,3,two_year,auto_debit,True,True,11,415.3,323,9.2,3,51-65,1,DE-NW,0
a978c82c01f66ff4,60,18.61,1140.37,4,monthly,digital_wallet,True,True,10,64.2,345,7.8,4,51-65,0,CH-ZH,0
03bb1718f53166ae,23,63.63,1520.0,5,two_year,auto_debit,False,True,11,258.4,89,9.0,2,26-35,0,DE-HE,0
ff5d652884662995,42,59.81,2599.85,1,monthly,digital_wallet,False,True,0,193.7,334,9.1,6,51-65,0,DE-HE,0
aa3b32f4bbac4e77,23,38.46,926.25,4,monthly,digital_wallet,True,True,2,69.6,309,5.6,3,51-65,1,CH-BE,0
39154da45e2b9586,55,17.16,964.29,5,monthly,digital_wallet,False,True,4,218.1,359,4.2,0,18-25,1,CH-BE,0
7f55f073111f191a,45,64.84,2965.99,2,monthly,auto_debit,True,True,9,93.4,100,4.5,4,36-50,1,AT-W,0
83202fd60562511d,8,116.94,1062.06,1,two_year,auto_debit,True,True,2,150.2,359,3.9,2,18-25,0,DE-BY,0
04591516c0cb3ee1,67,84.92,5732.85,2,annual,invoice,False,True,3,332.0,244,4.8,0,26-35,1,CH-ZH,0
aa70cf27e477cd4e,69,105.16,7378.77,5,monthly,auto_debit,False,True,9,82.4,320,7.5,6,36-50,0,DE-HE,0
1dd675c43554d179,52,21.27,1135.19,4,monthly,invoice,False,False,7,303.2,115,7.5,1,51-65,1,CH-BE,0
99606e9a057b6340,20,40.34,847.02,1,annual,auto_debit,False,True,8,42.4,74,7.7,0,36-50,1,AT-W,0
124941d12cb83091,35,63.77,2322.32,3,two_year,credit_card,False,False,8,243.9,352,5.9,4,65+,0,AT-W,0
9422e52706549680,43,24.55,1076.33,5,two_year,auto_debit,False,False,4,437.4,304,5.1,2,36-50,0,CH-ZH,0
6bf2a2cffbf5c19d,24,51.59,1306.55,5,two_year,digital_wallet,False,False,9,211.9,337,1.9,4,26-35,1,DE-NW,0
ea077a5eb6803562,46,89.83,4195.46,4,two_year,invoice,True,False,10,123.5,306,7.9,6,36-50,0,CH-BE,0
b9cff79f30abaf85,63,54.37,3491.48,5,annual,credit_card,True,False,9,36.0,63,9.7,6,65+,1,DE-BY,0
333346881cc05374,8,34.84,328.46,4,two_year,credit_card,False,True,4,25.5,218,6.3,3,65+,0,AT-W,0
52f2608f0fdfd28c,55,55.62,3096.98,3,monthly,auto_debit,True,False,1,274.2,137,1.3,0,51-65,0,DE-BY,0
5a928ed4234138f0,72,21.29,1564.32,3,annual,digital_wallet,True,True,3,309.2,292,7.5,4,36-50,0,DE-NW,0
a5f460d647889564,2,73.14,198.93,4,monthly,auto_debit,True,True,9,370.2,138,8.1,0,18-25,0,AT-W,0
db996eb524714042,28,40.41,1187.73,2,annual,auto_debit,True,True,10,154.2,296,8.6,6,51-65,1,DE-NW,0
f358e079224e09b4,29,25.54,771.63,4,monthly,digital_wallet,False,True,8,382.5,105,8.8,3,51-65,1,DE-HE,0
3b3d64cca5a929f3,2,67.4,225.0,5,monthly,credit_card,True,True,9,418.5,349,3.8,6,51-65,0,DE-NW,0
6a7e697c2a185547,40,52.09,2146.89,2,annual,digital_wallet,True,True,10,348.8,231,7.1,0,51-65,1,DE-HE,0
4d2ab5de3d01f17e,48,17.15,839.41,4,monthly,digital_wallet,False,False,3,134.6,133,4.8,1,26-35,0,DE-BY,0
c34245c3d61ac215,48,53.28,2588.87,2,monthly,auto_debit,False,True,8,466.0,231,1.5,1,51-65,1,DE-NW,0
fb35e6d2e1868891,29,57.99,1714.58,1,two_year,auto_debit,True,False,8,235.1,216,8.9,1,18-25,0,CH-ZH,0
58ff24853040e0ab,9,22.08,227.81,2,two_year,auto_debit,False,False,11,89.5,273,9.3,1,18-25,1,DE-NW,1
68a650ac8fd9caa6,34,68.89,2411.46,1,annual,invoice,True,True,7,78.0,67,2.4,4,36-50,1,AT-W,0
cf24922037aeb96d,31,62.77,2022.04,2,two_year,auto_debit,True,False,2,0.3,235,5.3,3,51-65,1,CH-ZH,0
9351b9869bfd640b,59,116.02,6944.25,5,two_year,digital_wallet,False,False,2,251.6,255,1.3,0,26-35,0,CH-ZH,0
896aba5c3365d4b6,47,103.4,5004.99,4,annual,credit_card,False,True,5,243.6,8,2.2,6,26-35,1,CH-ZH,0
fef4105014bf1d50,17,83.15,1475.45,1,monthly,digital_wallet,False,False,6,233.2,238,3.7,1,51-65,0,AT-W,0
a09cd46d515e3168,6,40.76,291.03,1,annual,credit_card,True,False,7,454.7,334,8.7,0,65+,1,DE-HE,1
56673b96aa4090ba,65,72.92,4847.82,4,monthly,credit_card,False,True,4,461.0,84,0.1,0,26-35,1,DE-BY,0
ada3958d08916f0f,3,68.5,265.18,4,annual,credit_card,False,False,9,163.3,188,0.5,4,65+,0,AT-W,0
b622fd7faab4e0fc,62,60.51,3822.19,5,two_year,auto_debit,True,False,5,330.3,225,7.3,5,36-50,0,DE-NW,0
132dcfea7bd1abd3,25,24.78,641.66,1,monthly,credit_card,True,True,3,209.2,99,4.2,6,26-35,1,CH-ZH,0
4852c491722ca246,72,41.79,3029.8,1,monthly,auto_debit,False,False,12,33.0,239,9.2,1,51-65,0,DE-BY,0
93bf1e687d737a40,58,100.23,5936.41,3,annual,credit_card,False,False,8,77.8,349,8.4,4,65+,1,CH-ZH,0
9cca632d144505eb,31,38.75,1239.36,3,two_year,credit_card,False,False,0,476.1,153,8.0,2,18-25,0,CH-ZH,0
cbcd85f91c7a29d6,28,103.67,3053.72,4,monthly,auto_debit,False,False,11,199.9,290,3.3,0,26-35,0,CH-ZH,0
118f541bfed3be3e,61,114.59,7136.09,1,annual,digital_wallet,False,True,6,236.6,15,3.3,2,18-25,1,DE-NW,0
12e63a843a011c35,62,107.31,6809.71,5,monthly,digital_wallet,False,True,4,121.6,84,3.4,4,36-50,1,DE-BY,0
23e537df4abbfd88,12,23.62,295.45,5,annual,digital_wallet,True,True,0,1.0,90,0.3,2,36-50,1,CH-BE,0
dd4bc80c6125668a,11,19.25,227.73,1,two_year,auto_debit,True,True,3,394.8,200,8.2,3,18-25,1,CH-ZH,0
f850880759dff994,37,79.62,3051.98,3,monthly,auto_debit,False,False,2,321.7,358,5.1,3,65+,0,CH-BE,0
a80add72462cd85f,36,18.36,682.35,4,annual,credit_card,False,False,10,352.8,205,4.2,1,36-50,1,DE-NW,0
88256bb2a38ef014,30,63.44,1937.25,1,two_year,auto_debit,True,True,7,63.1,37,2.8,2,36-50,0,CH-BE,0
759c7bc81a6567b8,61,60.71,3772.78,5,two_year,credit_card,True,False,10,16.9,80,3.9,2,18-25,0,DE-BY,0
47b414bee807800f,32,55.9,1842.66,4,two_year,credit_card,False,True,5,372.6,362,4.2,2,65+,0,DE-BY,0
e5847d6824a5e200,21,115.2,2532.89,3,monthly,auto_debit,True,True,8,302.0,142,9.1,5,26-35,1,DE-BY,0
c58d0839909f773c,1,81.31,187.03,3,annual,auto_debit,True,False,12,412.2,256,2.0,1,36-50,1,CH-ZH,0
19046af20719a933,50,108.41,5541.1,5,monthly,digital_wallet,True,False,11,295.5,148,5.4,6,51-65,0,DE-HE,0
2adba5dc0b7356e1,42,16.88,733.69,1,annual,digital_wallet,False,True,5,417.4,114,4.5,2,18-25,0,CH-BE,0
533bbbafa1feecc9,32,56.46,1847.89,2,annual,invoice,False,True,6,23.9,38,8.0,2,65+,1,DE-BY,0
93102f8c8c50d21e,64,106.2,6931.33,3,two_year,auto_debit,False,True,8,330.6,147,7.8,6,26-35,1,CH-ZH,0
601c7b8334f16768,42,33.61,1428.9,4,monthly,credit_card,True,False,0,49.7,132,1.7,2,36-50,1,DE-NW,0
13db5c474160f6cc,54,36.43,1988.99,3,annual,auto_debit,True,True,1,426.5,1,9.5,0,36-50,0,DE-BY,0
704d95a855bc1c1f,57,50.44,2942.43,5,annual,auto_debit,False,False,12,41.6,47,3.5,3,26-35,1,CH-BE,0
6a5e8d62a433a4a5,2,110.65,383.89,1,monthly,invoice,True,False,2,261.0,353,5.3,3,36-50,0,DE-HE,0
dd2faed52032391a,49,98.23,4941.68,4,monthly,invoice,True,False,12,293.2,357,0.7,5,26-35,1,CH-ZH,0
aa33b16ff8a055f4,58,55.66,3267.19,1,monthly,digital_wallet,True,True,9,177.7,340,9.3,5,36-50,1,CH-BE,0
0bb1d61fa1b0f993,0,116.81,68.36,1,two_year,auto_debit,True,False,7,276.8,282,7.3,2,18-25,0,CH-BE,0
fb09b981a66b5455,40,40.83,1670.99,1,monthly,auto_debit,False,True,11,129.1,194,10.0,2,36-50,1,DE-BY,0
ba6854b5e65567f3,67,53.2,3630.3,4,monthly,auto_debit,False,False,2,355.9,70,9.3,4,65+,0,DE-HE,0
76aa547f97a0017c,14,24.99,370.7,1,monthly,invoice,True,True,0,138.3,281,7.5,6,18-25,1,CH-ZH,1
8e51ba45c280251a,38,25.55,1007.46,3,annual,auto_debit,False,False,11,26.0,35,0.9,4,18-25,0,AT-W,0
9030765f9f6a676b,5,64.27,388.32,3,monthly,invoice,True,False,2,92.6,291,7.0,0,18-25,1,DE-NW,0
98189c1c1e585878,16,32.78,569.19,5,monthly,digital_wallet,True,False,9,397.3,96,4.9,1,18-25,1,DE-NW,0
e4f05966f5065ee4,49,35.21,1755.02,4,two_year,digital_wallet,False,False,3,308.2,63,7.1,2,65+,1,DE-BY,0
8d55b3cfeea097d0,14,57.58,849.47,2,two_year,invoice,True,True,2,355.5,118,10.0,5,18-25,0,CH-BE,1
72849230b2f67e32,50,28.96,1490.26,5,monthly,invoice,True,True,6,53.5,105,4.5,1,18-25,1,DE-HE,0
74f2f68548b3b883,52,54.77,2890.49,2,two_year,invoice,True,False,5,94.0,340,8.6,5,26-35,1,AT-W,0
e63445ba373e1c9e,35,60.93,2189.42,2,monthly,auto_debit,False,False,3,206.7,147,1.4,2,26-35,1,DE-BY,0
01cff8f2fefefb29,60,97.5,5955.93,3,annual,invoice,False,True,11,431.9,244,9.6,2,26-35,1,DE-NW,0
7f66816c12c166d6,56,110.0,6240.79,4,annual,invoice,True,True,4,360.6,267,2.5,0,36-50,1,CH-BE,0
cca7ef7141361fdf,51,17.13,897.35,2,annual,credit_card,True,True,10,248.5,270,0.0,0,36-50,1,CH-ZH,0
81124da40b852087,43,15.15,660.67,3,two_year,digital_wallet,False,False,9,99.7,205,6.7,4,65+,1,DE-BY,0
11bccca6fdc498bb,48,64.54,3145.99,1,annual,credit_card,False,True,8,166.7,116,4.3,4,18-25,0,DE-BY,0
84fab9f7a7dc984a,72,109.07,8002.09,2,annual,digital_wallet,True,True,10,494.9,280,4.4,1,26-35,0,DE-NW,0
9a3d64fb99829a96,47,25.17,1218.69,4,monthly,credit_card,False,True,1,170.4,121,6.1,0,36-50,0,DE-BY,0
6796a86bf89380a4,60,87.34,5341.48,1,annual,invoice,False,False,1,44.4,298,2.3,4,36-50,0,AT-W,0
b2fdf2de15f490e9,44,113.14,5097.67,2,monthly,auto_debit,True,False,3,86.0,80,2.3,0,26-35,0,DE-NW,0
f2136377229fb6df,25,28.93,756.86,2,two_year,invoice,True,True,11,456.1,104,3.7,6,36-50,1,DE-NW,0
33a9983d68605042,8,102.53,910.27,2,annual,auto_debit,True,False,1,42.4,80,2.1,1,51-65,0,AT-W,1
4e0fa5ddd9a7dac2,29,88.47,2673.01,5,two_year,credit_card,False,True,9,266.4,290,2.2,3,51-65,0,CH-ZH,0
550a120e7736895e,56,44.31,2513.0,1,monthly,digital_wallet,False,False,12,267.7,46,8.7,0,26-35,0,DE-NW,0
26ca3d0df8ed600d,68,114.7,7911.93,5,two_year,invoice,True,True,8,437.9,64,2.4,0,65+,0,DE-NW,0
2449bfe37a9e012a,68,72.99,5039.05,3,annual,credit_card,True,True,0,213.9,105,1.4,6,26-35,0,CH-ZH,0
ce668b20709dbda4,18,80.61,1549.4,5,monthly,credit_card,False,True,10,138.2,172,0.3,6,18-25,0,CH-BE,1
4587b25745585a05,3,105.6,378.43,2,two_year,auto_debit,True,True,7,476.5,50,4.4,4,36-50,0,CH-BE,0
2940524866b1c70b,3,90.52,345.14,1,two_year,credit_card,False,False,2,42.5,75,6.0,4,65+,1,DE-HE,0
788179f07895627a,62,69.83,4374.89,3,two_year,auto_debit,False,False,7,20.2,222,4.7,0,65+,0,DE-BY,0
1bcfd5947f39426e,33,108.01,3687.1,1,annual,credit_card,True,False,6,281.5,120,4.1,6,36-50,0,DE-HE,0
4aac019c2c5db85b,47,84.44,4080.27,5,annual,auto_debit,True,False,0,203.4,123,4.1,6,65+,1,CH-ZH,0
1e0df9c532a06351,45,97.58,4500.82,5,monthly,invoice,True,True,4,401.0,62,8.7,2,65+,0,CH-ZH,0
e66d521b716e3bfc,67,92.54,6314.31,2,two_year,digital_wallet,False,True,8,96.9,96,5.3,0,51-65,1,DE-NW,0
